{
	"format_version": "1.20.80",
	"minecraft:item": {
		"description": {
			"identifier": "shapescape_dra:fat_creature_meat_raw",
			"menu_category": {
				"category": "equipment"
			}
		},
		"components": {
			"minecraft:max_stack_size": 64,
			"minecraft:hand_equipped": false,
			"minecraft:food": {
				"nutrition": 3,
				"saturation_modifier": 0.3,
				"can_always_eat": true
			},
			"minecraft:use_modifiers": {
				"use_duration": 1
			},
			"minecraft:use_animation": "eat",
			"minecraft:icon": {
				"textures": {
					"default": "shapescape_dra_fat_creature_meat_raw"
				}
			}
		}
	}
}