{
	"format_version": "1.20.60",
	"minecraft:item": {
		"description": {
			"identifier": "shapescape_dra:fire_dragon_sword",
			"menu_category": {
				"category": "equipment",
				"group": "itemGroup.name.sword"
			}
		},
		"components": {
			"minecraft:tags": {
				"tags": [
					"minecraft:is_sword",
					"shapescape_dra:is_dragon_sword"
				]
			},
			"minecraft:max_stack_size": 1,
			"minecraft:icon": {
				"textures": {
					"default": "fire_dragon_sword"
				}
			},
			"minecraft:damage": {
				"value": 6
			},
			"minecraft:use_animation": "bow",
			"minecraft:food": {
				"can_always_eat": true,
				"saturation_modifier": 0,
				"nutrition": 0
			},
			"minecraft:use_modifiers": {
				"movement_modifier": 0,
				"use_duration": 9999999
			},
			"minecraft:cooldown": {
				"category": "shapescape_dra_fire_dragon_sword",
				"duration": 0
			},
			"minecraft:hand_equipped": true,
			"minecraft:durability": {
				"max_durability": 1562
			},
			"minecraft:enchantable": {
				"value": 10,
				"slot": "sword"
			},
			"minecraft:repairable": {
				"repair_items": [
					{
						"items": [
							"shapescape_dra:fire_dragon_sword"
						],
						"repair_amount": "context.other->q.remaining_durability + 0.05 * context.other->q.max_durability"
					}
				]
			}
		}
	}
}