{
	"format_version": "1.21.70",
	"minecraft:item": {
		"description": {
			"identifier": "shapescape_dra:ice_dragon_egg",
			"menu_category": {
				"category": "nature",
				"group": "minecraft:itemGroup.name.mobEgg"
			}
		},
		"components": {
			"minecraft:display_name": {
				"value": "Ice Dragon Egg"
			},
			"minecraft:max_stack_size": 1,
			"minecraft:icon": {
				"textures": {
					"default": "shapescape_dra_ice_dragon_egg"
				}
			},
			"minecraft:entity_placer": {
				"entity": "shapescape_dra:dragon_egg_summoner<ice_only_spawn_the_egg>"
			}
		}
	}
}