{
	"format_version": "1.20.40",
	"minecraft:item": {
		"description": {
			"identifier": "shapescape_dra:poison_dragon_boots",
			"menu_category": {
				"category": "equipment",
				"group": "itemGroup.name.boots"
			}
		},
		"components": {
			"minecraft:max_stack_size": 1,
			"minecraft:icon": {
				"texture": "shapescape_dra:poison_dragon_boots"
			},
			"minecraft:wearable": {
				"protection": 5,
				"dispensable": true,
				"slot": "slot.armor.feet"
			},
			"minecraft:durability": {
				"damage_chance": {
					"min": 100,
					"max": 100
				},
				"max_durability": 500
			},
			"minecraft:enchantable": {
				"value": 30,
				"slot": "armor_feet"
			},
			"minecraft:repairable": {
				"repair_items": [
					{
						"items": [
							"shapescape_dra:crystal_dragon_scale"
						],
						"repair_amount": 50
					},
					{
						"items": [
							"shapescape_dra:fire_dragon_scale"
						],
						"repair_amount": 50
					},
					{
						"items": [
							"shapescape_dra:thunder_dragon_scale"
						],
						"repair_amount": 50
					},
					{
						"items": [
							"shapescape_dra:poison_dragon_scale"
						],
						"repair_amount": 50
					},
					{
						"items": [
							"shapescape_dra:ice_dragon_scale"
						],
						"repair_amount": 50
					},
					{
						"items": [
							"shapescape_dra:fae_dragon_scale"
						],
						"repair_amount": 50
					}
				]
			}
		}
	}
}