{
	"format_version": "1.21.0",
	"minecraft:feature_rules": {
		"description": {
			"identifier": "shapescape_dra:cave_nest",
			"places_feature": "shapescape_dra:cave_nest_condition"
		},
		"conditions": {
			"placement_pass": "first_pass",
			"minecraft:biome_filter": {
				"all_of": [
					{
						"any_of": [
							{
								"test": "has_biome_tag",
								"value": "overworld"
							},
							{
								"test": "has_biome_tag",
								"value": "overworld_generation"
							}
						]
					},
					{
						"test": "has_biome_tag",
						"operator": "!=",
						"value": "ocean"
					},
					{
						"test": "has_biome_tag",
						"operator": "!=",
						"value": "river"
					},
					{
						"all_of": [
							{
								"test": "has_biome_tag",
								"value": "overworld"
							}
						]
					}
				]
			}
		},
		"distribution": {
			"scatter_chance": 15,
			"iterations": 1,
			"x": 0,
			"y": "-25 + math.random(0, 20)",
			"z": 0
		}
	}
}