{
	"format_version": "1.21.0",
	"minecraft:feature_rules": {
		"description": {
			"identifier": "shapescape_dra:drag_hunt_cmp_sav",
			"places_feature": "shapescape_dra:drag_hunt_cmp_sav_condition"
		},
		"conditions": {
			"placement_pass": "first_pass",
			"minecraft:biome_filter": {
				"all_of": [
					{
						"any_of": [
							{
								"test": "has_biome_tag",
								"value": "overworld"
							},
							{
								"test": "has_biome_tag",
								"value": "overworld_generation"
							}
						]
					},
					{
						"all_of": [
							{
								"test": "has_biome_tag",
								"value": "savanna"
							}
						]
					}
				]
			}
		},
		"distribution": {
			"scatter_chance": 0.25,
			"iterations": 1,
			"x": 0,
			"y": "q.heightmap(v.worldx, v.worldz)",
			"z": 0
		}
	}
}