{
	"format_version": "1.21.0",
	"minecraft:feature_rules": {
		"description": {
			"identifier": "shapescape_dra:fire_nest_lava",
			"places_feature": "shapescape_dra:fire_nest_lava_condition"
		},
		"conditions": {
			"placement_pass": "first_pass",
			"minecraft:biome_filter": {
				"all_of": [
					{
						"any_of": [
							{
								"test": "has_biome_tag",
								"value": "overworld"
							},
							{
								"test": "has_biome_tag",
								"value": "overworld_generation"
							}
						]
					},
					{
						"test": "has_biome_tag",
						"operator": "!=",
						"value": "ocean"
					},
					{
						"test": "has_biome_tag",
						"operator": "!=",
						"value": "river"
					},
					{
						"all_of": [
							{
								"any_of": [
									{
										"test": "has_biome_tag",
										"value": "mesa"
									}
								]
							}
						]
					}
				]
			}
		},
		"distribution": {
			"scatter_chance": 0.55,
			"iterations": 1,
			"x": 0,
			"y": "q.heightmap(v.worldx, v.worldz)-15",
			"z": 0
		}
	}
}