{
	"pools": [
		{
			"rolls": 5,
			"entries": [
				{
					"type": "item",
					"name": "minecraft:cobblestone",
					"weight": 80,
					"functions": [
						{
							"function": "set_count",
							"count": {
								"min": 1,
								"max": 20
							}
						}
					]
				},
				{
					"type": "item",
					"name": "minecraft:diorite",
					"weight": 80,
					"functions": [
						{
							"function": "set_count",
							"count": {
								"min": 1,
								"max": 20
							}
						}
					]
				},
				{
					"type": "item",
					"name": "minecraft:andesite",
					"weight": 80,
					"functions": [
						{
							"function": "set_count",
							"count": {
								"min": 1,
								"max": 20
							}
						}
					]
				},
				{
					"type": "item",
					"name": "minecraft:granite",
					"weight": 80,
					"functions": [
						{
							"function": "set_count",
							"count": {
								"min": 1,
								"max": 20
							}
						}
					]
				},
				{
					"type": "item",
					"name": "minecraft:cobbled_deepslate",
					"weight": 80,
					"functions": [
						{
							"function": "set_count",
							"count": {
								"min": 1,
								"max": 20
							}
						}
					]
				},
				{
					"type": "item",
					"name": "minecraft:coal",
					"weight": 50,
					"functions": [
						{
							"function": "set_count",
							"count": {
								"min": 1,
								"max": 5
							}
						}
					]
				},
				{
					"type": "item",
					"name": "minecraft:raw_iron",
					"weight": 50,
					"functions": [
						{
							"function": "set_count",
							"count": {
								"min": 1,
								"max": 3
							}
						}
					]
				},
				{
					"type": "item",
					"name": "minecraft:raw_copper",
					"weight": 50,
					"functions": [
						{
							"function": "set_count",
							"count": {
								"min": 1,
								"max": 3
							}
						}
					]
				},
				{
					"type": "item",
					"name": "minecraft:redstone",
					"weight": 30,
					"functions": [
						{
							"function": "set_count",
							"count": {
								"min": 1,
								"max": 5
							}
						}
					]
				},
				{
					"type": "item",
					"name": "minecraft:lapis_lazuli",
					"weight": 30,
					"functions": [
						{
							"function": "set_count",
							"count": {
								"min": 1,
								"max": 3
							}
						}
					]
				},
				{
					"type": "item",
					"name": "minecraft:raw_gold",
					"weight": 20,
					"functions": [
						{
							"function": "set_count",
							"count": {
								"min": 1,
								"max": 3
							}
						}
					]
				},
				{
					"type": "item",
					"name": "minecraft:emerald",
					"weight": 10,
					"functions": [
						{
							"function": "set_count",
							"count": {
								"min": 1,
								"max": 2
							}
						}
					]
				},
				{
					"type": "item",
					"name": "minecraft:diamond",
					"weight": 5,
					"functions": [
						{
							"function": "set_count",
							"count": {
								"min": 1,
								"max": 2
							}
						}
					]
				}
			]
		}
	]
}