{
	"pools": [
		{
			"rolls": 5,
			"entries": [
				{
					"type": "item",
					"name": "minecraft:chicken",
					"weight": 100,
					"functions": [
						{
							"function": "set_count",
							"count": {
								"min": 3,
								"max": 6
							}
						}
					]
				},
				{
					"type": "item",
					"name": "minecraft:beef",
					"weight": 100,
					"functions": [
						{
							"function": "set_count",
							"count": {
								"min": 3,
								"max": 6
							}
						}
					]
				},
				{
					"type": "item",
					"name": "minecraft:muttonRaw",
					"weight": 100,
					"functions": [
						{
							"function": "set_count",
							"count": {
								"min": 3,
								"max": 6
							}
						}
					]
				},
				{
					"type": "item",
					"name": "minecraft:porkchop",
					"weight": 100,
					"functions": [
						{
							"function": "set_count",
							"count": {
								"min": 3,
								"max": 6
							}
						}
					]
				},
				{
					"type": "item",
					"name": "minecraft:rabbit",
					"weight": 100,
					"functions": [
						{
							"function": "set_count",
							"count": {
								"min": 3,
								"max": 6
							}
						}
					]
				},
				{
					"type": "item",
					"name": "minecraft:fish",
					"weight": 100,
					"functions": [
						{
							"function": "set_count",
							"count": {
								"min": 3,
								"max": 6
							}
						}
					]
				},
				{
					"type": "item",
					"name": "minecraft:salmon",
					"weight": 100,
					"functions": [
						{
							"function": "set_count",
							"count": {
								"min": 3,
								"max": 6
							}
						}
					]
				},
				{
					"type": "item",
					"name": "minecraft:clownfish",
					"weight": 100,
					"functions": [
						{
							"function": "set_count",
							"count": {
								"min": 3,
								"max": 6
							}
						}
					]
				},
				{
					"type": "item",
					"name": "minecraft:pufferfish",
					"weight": 100,
					"functions": [
						{
							"function": "set_count",
							"count": {
								"min": 3,
								"max": 6
							}
						}
					]
				}
			]
		}
	]
}