{
	"pools": [
		{
			"rolls": 5,
			"entries": [
				{
					"type": "item",
					"name": "minecraft:rotten_flesh",
					"weight": 100,
					"functions": [
						{
							"function": "set_count",
							"count": {
								"min": 1,
								"max": 15
							}
						}
					]
				},
				{
					"type": "item",
					"name": "minecraft:bone",
					"weight": 100,
					"functions": [
						{
							"function": "set_count",
							"count": {
								"min": 1,
								"max": 15
							}
						}
					]
				},
				{
					"type": "item",
					"name": "minecraft:feather",
					"weight": 100,
					"functions": [
						{
							"function": "set_count",
							"count": {
								"min": 1,
								"max": 10
							}
						}
					]
				},
				{
					"type": "item",
					"name": "minecraft:string",
					"weight": 80,
					"functions": [
						{
							"function": "set_count",
							"count": {
								"min": 1,
								"max": 10
							}
						}
					]
				},
				{
					"type": "item",
					"name": "minecraft:goat_horn",
					"weight": 50,
					"functions": [
						{
							"function": "set_count",
							"count": {
								"min": 1,
								"max": 2
							}
						}
					]
				},
				{
					"type": "item",
					"name": "minecraft:rabbit_hide",
					"weight": 50,
					"functions": [
						{
							"function": "set_count",
							"count": {
								"min": 1,
								"max": 2
							}
						}
					]
				},
				{
					"type": "item",
					"name": "shapescape_dra:fae_dragon_scale",
					"weight": 40,
					"functions": [
						{
							"function": "set_count",
							"count": {
								"min": 5,
								"max": 10
							}
						}
					]
				},
				{
					"type": "item",
					"name": "shapescape_dra:crystal_dragon_scale",
					"weight": 40,
					"functions": [
						{
							"function": "set_count",
							"count": {
								"min": 5,
								"max": 10
							}
						}
					]
				},
				{
					"type": "item",
					"name": "shapescape_dra:thunder_dragon_scale",
					"weight": 40,
					"functions": [
						{
							"function": "set_count",
							"count": {
								"min": 5,
								"max": 10
							}
						}
					]
				},
				{
					"type": "item",
					"name": "shapescape_dra:poison_dragon_scale",
					"weight": 40,
					"functions": [
						{
							"function": "set_count",
							"count": {
								"min": 5,
								"max": 10
							}
						}
					]
				},
				{
					"type": "item",
					"name": "shapescape_dra:ice_dragon_scale",
					"weight": 40,
					"functions": [
						{
							"function": "set_count",
							"count": {
								"min": 5,
								"max": 10
							}
						}
					]
				},
				{
					"type": "item",
					"name": "minecraft:rabbit_foot",
					"weight": 30,
					"functions": [
						{
							"function": "set_count",
							"count": {
								"min": 1,
								"max": 3
							}
						}
					]
				},
				{
					"type": "item",
					"name": "minecraft:spider_eye",
					"weight": 30,
					"functions": [
						{
							"function": "set_count",
							"count": {
								"min": 1,
								"max": 3
							}
						}
					]
				},
				{
					"type": "item",
					"name": "minecraft:phantom_membrane",
					"weight": 30,
					"functions": [
						{
							"function": "set_count",
							"count": {
								"min": 2,
								"max": 3
							}
						}
					]
				},
				{
					"type": "item",
					"name": "minecraft:sniffer_egg",
					"weight": 2,
					"functions": [
						{
							"function": "set_count",
							"count": {
								"min": 1,
								"max": 1
							}
						}
					]
				}
			]
		}
	]
}