{
	"pools": [
		{
			"rolls": 5,
			"entries": [
				{
					"type": "item",
					"name": "minecraft:oak_log",
					"weight": 100,
					"functions": [
						{
							"function": "set_count",
							"count": {
								"min": 5,
								"max": 25
							}
						}
					]
				},
				{
					"type": "item",
					"name": "minecraft:spruce_log",
					"weight": 80,
					"functions": [
						{
							"function": "set_count",
							"count": {
								"min": 1,
								"max": 25
							}
						}
					]
				},
				{
					"type": "item",
					"name": "minecraft:acacia_log",
					"weight": 60,
					"functions": [
						{
							"function": "set_count",
							"count": {
								"min": 1,
								"max": 25
							}
						}
					]
				},
				{
					"type": "item",
					"name": "minecraft:birch_log",
					"weight": 60,
					"functions": [
						{
							"function": "set_count",
							"count": {
								"min": 1,
								"max": 25
							}
						}
					]
				},
				{
					"type": "item",
					"name": "minecraft:dark_oak_log",
					"weight": 50,
					"functions": [
						{
							"function": "set_count",
							"count": {
								"min": 1,
								"max": 25
							}
						}
					]
				},
				{
					"type": "item",
					"name": "minecraft:jungle_log",
					"weight": 50,
					"functions": [
						{
							"function": "set_count",
							"count": {
								"min": 1,
								"max": 25
							}
						}
					]
				},
				{
					"type": "item",
					"name": "minecraft:mangrove_log",
					"weight": 40,
					"functions": [
						{
							"function": "set_count",
							"count": {
								"min": 1,
								"max": 25
							}
						}
					]
				},
				{
					"type": "item",
					"name": "minecraft:cherry_log",
					"weight": 30,
					"functions": [
						{
							"function": "set_count",
							"count": {
								"min": 1,
								"max": 25
							}
						}
					]
				}
			]
		}
	]
}