{
	"pools": [
		{
			"rolls": 1,
			"entries": [
				{
					"type": "item",
					"name": "minecraft:written_book",
					"weight": 1,
					"functions": [
						{
							"function": "set_book_contents",
							"author": "Shapescape",
							"title": "Dragons Add-on 1",
							"pages": ["{\"rawtext\":[{\"translate\":\"shapescape_dra_dra_starting_book_1.page0\",\"with\":[\"\n\"]}]}", "{\"rawtext\":[{\"translate\":\"shapescape_dra_dra_starting_book_1.page1\",\"with\":[\"\n\"]}]}", "{\"rawtext\":[{\"translate\":\"shapescape_dra_dra_starting_book_1.page2\",\"with\":[\"\n\"]}]}", "{\"rawtext\":[{\"translate\":\"shapescape_dra_dra_starting_book_1.page3\",\"with\":[\"\n\"]}]}", "{\"rawtext\":[{\"translate\":\"shapescape_dra_dra_starting_book_1.page4\",\"with\":[\"\n\"]}]}", "{\"rawtext\":[{\"translate\":\"shapescape_dra_dra_starting_book_1.page5\",\"with\":[\"\n\"]}]}", "{\"rawtext\":[{\"translate\":\"shapescape_dra_dra_starting_book_1.page6\",\"with\":[\"\n\"]}]}", "{\"rawtext\":[{\"translate\":\"shapescape_dra_dra_starting_book_1.page7\",\"with\":[\"\n\"]}]}", "{\"rawtext\":[{\"translate\":\"shapescape_dra_dra_starting_book_1.page8\",\"with\":[\"\n\"]}]}", "{\"rawtext\":[{\"translate\":\"shapescape_dra_dra_starting_book_1.page9\",\"with\":[\"\n\"]}]}", "{\"rawtext\":[{\"translate\":\"shapescape_dra_dra_starting_book_1.page10\",\"with\":[\"\n\"]}]}", "{\"rawtext\":[{\"translate\":\"shapescape_dra_dra_starting_book_1.page11\",\"with\":[\"\n\"]}]}", "{\"rawtext\":[{\"translate\":\"shapescape_dra_dra_starting_book_1.page12\",\"with\":[\"\n\"]}]}", "{\"rawtext\":[{\"translate\":\"shapescape_dra_dra_starting_book_1.page13\",\"with\":[\"\n\"]}]}", "{\"rawtext\":[{\"translate\":\"shapescape_dra_dra_starting_book_1.page14\",\"with\":[\"\n\"]}]}", "{\"rawtext\":[{\"translate\":\"shapescape_dra_dra_starting_book_1.page15\",\"with\":[\"\n\"]}]}", "{\"rawtext\":[{\"translate\":\"shapescape_dra_dra_starting_book_1.page16\",\"with\":[\"\n\"]}]}", "{\"rawtext\":[{\"translate\":\"shapescape_dra_dra_starting_book_1.page17\",\"with\":[\"\n\"]}]}", "{\"rawtext\":[{\"translate\":\"shapescape_dra_dra_starting_book_1.page18\",\"with\":[\"\n\"]}]}", "{\"rawtext\":[{\"translate\":\"shapescape_dra_dra_starting_book_1.page19\",\"with\":[\"\n\"]}]}", "{\"rawtext\":[{\"translate\":\"shapescape_dra_dra_starting_book_1.page20\",\"with\":[\"\n\"]}]}", "{\"rawtext\":[{\"translate\":\"shapescape_dra_dra_starting_book_1.page21\",\"with\":[\"\n\"]}]}", "{\"rawtext\":[{\"translate\":\"shapescape_dra_dra_starting_book_1.page22\",\"with\":[\"\n\"]}]}", "{\"rawtext\":[{\"translate\":\"shapescape_dra_dra_starting_book_1.page23\",\"with\":[\"\n\"]}]}", "{\"rawtext\":[{\"translate\":\"shapescape_dra_dra_starting_book_1.page24\",\"with\":[\"\n\"]}]}", "{\"rawtext\":[{\"translate\":\"shapescape_dra_dra_starting_book_1.page25\",\"with\":[\"\n\"]}]}", "{\"rawtext\":[{\"translate\":\"shapescape_dra_dra_starting_book_1.page26\",\"with\":[\"\n\"]}]}", "{\"rawtext\":[{\"translate\":\"shapescape_dra_dra_starting_book_1.page27\",\"with\":[\"\n\"]}]}", "{\"rawtext\":[{\"translate\":\"shapescape_dra_dra_starting_book_1.page28\",\"with\":[\"\n\"]}]}", "{\"rawtext\":[{\"translate\":\"shapescape_dra_dra_starting_book_1.page29\",\"with\":[\"\n\"]}]}", "{\"rawtext\":[{\"translate\":\"shapescape_dra_dra_starting_book_1.page30\",\"with\":[\"\n\"]}]}", "{\"rawtext\":[{\"translate\":\"shapescape_dra_dra_starting_book_1.page31\",\"with\":[\"\n\"]}]}", "{\"rawtext\":[{\"translate\":\"shapescape_dra_dra_starting_book_1.page32\",\"with\":[\"\n\"]}]}", "{\"rawtext\":[{\"translate\":\"shapescape_dra_dra_starting_book_1.page33\",\"with\":[\"\n\"]}]}", "{\"rawtext\":[{\"translate\":\"shapescape_dra_dra_starting_book_1.page34\",\"with\":[\"\n\"]}]}", "{\"rawtext\":[{\"translate\":\"shapescape_dra_dra_starting_book_1.page35\",\"with\":[\"\n\"]}]}", "{\"rawtext\":[{\"translate\":\"shapescape_dra_dra_starting_book_1.page36\",\"with\":[\"\n\"]}]}", "{\"rawtext\":[{\"translate\":\"shapescape_dra_dra_starting_book_1.page37\",\"with\":[\"\n\"]}]}", "{\"rawtext\":[{\"translate\":\"shapescape_dra_dra_starting_book_1.page38\",\"with\":[\"\n\"]}]}", "{\"rawtext\":[{\"translate\":\"shapescape_dra_dra_starting_book_1.page39\",\"with\":[\"\n\"]}]}", "{\"rawtext\":[{\"translate\":\"shapescape_dra_dra_starting_book_1.page40\",\"with\":[\"\n\"]}]}", "{\"rawtext\":[{\"translate\":\"shapescape_dra_dra_starting_book_1.page41\",\"with\":[\"\n\"]}]}", "{\"rawtext\":[{\"translate\":\"shapescape_dra_dra_starting_book_1.page42\",\"with\":[\"\n\"]}]}", "{\"rawtext\":[{\"translate\":\"shapescape_dra_dra_starting_book_1.page43\",\"with\":[\"\n\"]}]}", "{\"rawtext\":[{\"translate\":\"shapescape_dra_dra_starting_book_1.page44\",\"with\":[\"\n\"]}]}", "{\"rawtext\":[{\"translate\":\"shapescape_dra_dra_starting_book_1.page45\",\"with\":[\"\n\"]}]}", "{\"rawtext\":[{\"translate\":\"shapescape_dra_dra_starting_book_1.page46\",\"with\":[\"\n\"]}]}", "{\"rawtext\":[{\"translate\":\"shapescape_dra_dra_starting_book_1.page47\",\"with\":[\"\n\"]}]}", "{\"rawtext\":[{\"translate\":\"shapescape_dra_dra_starting_book_1.page48\",\"with\":[\"\n\"]}]}"]
						},
						{
							"function": "set_lore",
							"lore": ["\u00a7r\u00a7l\u00a7uVersion 1.5, part 1"]
						}
					]
				}
			]
		},
		{
			"rolls": 1,
			"entries": [
				{
					"type": "item",
					"name": "minecraft:written_book",
					"weight": 1,
					"functions": [
						{
							"function": "set_book_contents",
							"author": "Shapescape",
							"title": "Dragons Add-on 2",
							"pages": ["{\"rawtext\":[{\"translate\":\"shapescape_dra_dra_starting_book_2.page0\",\"with\":[\"\n\"]}]}", "{\"rawtext\":[{\"translate\":\"shapescape_dra_dra_starting_book_2.page1\",\"with\":[\"\n\"]}]}", "{\"rawtext\":[{\"translate\":\"shapescape_dra_dra_starting_book_2.page2\",\"with\":[\"\n\"]}]}", "{\"rawtext\":[{\"translate\":\"shapescape_dra_dra_starting_book_2.page3\",\"with\":[\"\n\"]}]}", "{\"rawtext\":[{\"translate\":\"shapescape_dra_dra_starting_book_2.page4\",\"with\":[\"\n\"]}]}", "{\"rawtext\":[{\"translate\":\"shapescape_dra_dra_starting_book_2.page5\",\"with\":[\"\n\"]}]}", "{\"rawtext\":[{\"translate\":\"shapescape_dra_dra_starting_book_2.page6\",\"with\":[\"\n\"]}]}", "{\"rawtext\":[{\"translate\":\"shapescape_dra_dra_starting_book_2.page7\",\"with\":[\"\n\"]}]}", "{\"rawtext\":[{\"translate\":\"shapescape_dra_dra_starting_book_2.page8\",\"with\":[\"\n\"]}]}", "{\"rawtext\":[{\"translate\":\"shapescape_dra_dra_starting_book_2.page9\",\"with\":[\"\n\"]}]}", "{\"rawtext\":[{\"translate\":\"shapescape_dra_dra_starting_book_2.page10\",\"with\":[\"\n\"]}]}", "{\"rawtext\":[{\"translate\":\"shapescape_dra_dra_starting_book_2.page11\",\"with\":[\"\n\"]}]}", "{\"rawtext\":[{\"translate\":\"shapescape_dra_dra_starting_book_2.page12\",\"with\":[\"\n\"]}]}", "{\"rawtext\":[{\"translate\":\"shapescape_dra_dra_starting_book_2.page13\",\"with\":[\"\n\"]}]}", "{\"rawtext\":[{\"translate\":\"shapescape_dra_dra_starting_book_2.page14\",\"with\":[\"\n\"]}]}", "{\"rawtext\":[{\"translate\":\"shapescape_dra_dra_starting_book_2.page15\",\"with\":[\"\n\"]}]}", "{\"rawtext\":[{\"translate\":\"shapescape_dra_dra_starting_book_2.page16\",\"with\":[\"\n\"]}]}", "{\"rawtext\":[{\"translate\":\"shapescape_dra_dra_starting_book_2.page17\",\"with\":[\"\n\"]}]}"]
						},
						{
							"function": "set_lore",
							"lore": ["\u00a7r\u00a7l\u00a7uVersion 1.5, part 2"]
						}
					]
				}
			]
		}
	]
}