{
	"format_version": "1.8.0",
	"minecraft:spawn_rules": {
		"description": {
			"identifier": "shapescape_dra:dragon_egg_summoner",
			"population_control": "animal"
		},
		"conditions": [
			{
				"minecraft:weight": {
					"default": 0
				},
				"minecraft:spawns_on_surface": {},
				"minecraft:distance_filter": {
					"min": 32,
					"max": 128
				},
				"minecraft:brightness_filter": {
					"min": 7,
					"adjust_for_weather": true
				},
				"minecraft:difficulty_filter": {
					"min": "easy",
					"max": "hard"
				},
				"minecraft:density_limit": {
					"surface": 1,
					"underground": 0
				},
				"minecraft:herd": {
					"min_size": 1,
					"max_size": 1
				},
				"minecraft:spawn_event": {
					"event": "cave"
				},
				"minecraft:biome_filter": [
					{
						"any_of": [
							{
								"any_of": [
									{
										"test": "has_biome_tag",
										"value": "overworld"
									}
								]
							},
							{
								"any_of": []
							}
						]
					}
				]
			},
			{
				"minecraft:weight": {
					"default": 0
				},
				"minecraft:spawns_on_surface": {},
				"minecraft:distance_filter": {
					"min": 32,
					"max": 128
				},
				"minecraft:brightness_filter": {
					"min": 7,
					"adjust_for_weather": true
				},
				"minecraft:difficulty_filter": {
					"min": "easy",
					"max": "hard"
				},
				"minecraft:density_limit": {
					"surface": 1,
					"underground": 0
				},
				"minecraft:herd": {
					"min_size": 1,
					"max_size": 1
				},
				"minecraft:spawn_event": {
					"event": "crystal"
				},
				"minecraft:biome_filter": [
					{
						"any_of": [
							{
								"any_of": [
									{
										"test": "has_biome_tag",
										"value": "cherry_grove"
									},
									{
										"test": "has_biome_tag",
										"value": "flower_forest"
									},
									{
										"test": "has_biome_tag",
										"value": "roofed"
									}
								]
							},
							{
								"any_of": []
							}
						]
					}
				]
			},
			{
				"minecraft:weight": {
					"default": 0
				},
				"minecraft:spawns_on_surface": {},
				"minecraft:distance_filter": {
					"min": 32,
					"max": 128
				},
				"minecraft:brightness_filter": {
					"min": 7,
					"adjust_for_weather": true
				},
				"minecraft:difficulty_filter": {
					"min": "easy",
					"max": "hard"
				},
				"minecraft:density_limit": {
					"surface": 1,
					"underground": 0
				},
				"minecraft:herd": {
					"min_size": 1,
					"max_size": 1
				},
				"minecraft:spawn_event": {
					"event": "fae"
				},
				"minecraft:biome_filter": [
					{
						"any_of": [
							{
								"any_of": [
									{
										"test": "has_biome_tag",
										"value": "jungle"
									},
									{
										"test": "has_biome_tag",
										"value": "birch"
									}
								]
							},
							{
								"any_of": []
							}
						]
					}
				]
			},
			{
				"minecraft:weight": {
					"default": 0
				},
				"minecraft:spawns_on_surface": {},
				"minecraft:distance_filter": {
					"min": 32,
					"max": 128
				},
				"minecraft:brightness_filter": {
					"min": 7,
					"adjust_for_weather": true
				},
				"minecraft:difficulty_filter": {
					"min": "easy",
					"max": "hard"
				},
				"minecraft:density_limit": {
					"surface": 1,
					"underground": 0
				},
				"minecraft:herd": {
					"min_size": 1,
					"max_size": 1
				},
				"minecraft:spawn_event": {
					"event": "fire"
				},
				"minecraft:biome_filter": [
					{
						"any_of": [
							{
								"any_of": [
									{
										"test": "has_biome_tag",
										"value": "mesa"
									},
									{
										"test": "has_biome_tag",
										"value": "desert"
									}
								]
							},
							{
								"any_of": []
							}
						]
					}
				]
			},
			{
				"minecraft:weight": {
					"default": 0
				},
				"minecraft:spawns_on_surface": {},
				"minecraft:distance_filter": {
					"min": 32,
					"max": 128
				},
				"minecraft:brightness_filter": {
					"min": 7,
					"adjust_for_weather": true
				},
				"minecraft:difficulty_filter": {
					"min": "easy",
					"max": "hard"
				},
				"minecraft:density_limit": {
					"surface": 1,
					"underground": 0
				},
				"minecraft:herd": {
					"min_size": 1,
					"max_size": 1
				},
				"minecraft:spawn_event": {
					"event": "ice"
				},
				"minecraft:biome_filter": [
					{
						"any_of": [
							{
								"any_of": [
									{
										"test": "has_biome_tag",
										"value": "cold"
									},
									{
										"test": "has_biome_tag",
										"value": "frozen"
									},
									{
										"test": "has_biome_tag",
										"value": "ice"
									},
									{
										"test": "has_biome_tag",
										"value": "ice_plains"
									},
									{
										"test": "has_biome_tag",
										"value": "frozen_peaks"
									},
									{
										"test": "has_biome_tag",
										"value": "snowy_slopes"
									}
								]
							},
							{
								"any_of": []
							}
						]
					}
				]
			},
			{
				"minecraft:weight": {
					"default": 0
				},
				"minecraft:spawns_on_surface": {},
				"minecraft:distance_filter": {
					"min": 32,
					"max": 128
				},
				"minecraft:brightness_filter": {
					"min": 7,
					"adjust_for_weather": true
				},
				"minecraft:difficulty_filter": {
					"min": "easy",
					"max": "hard"
				},
				"minecraft:density_limit": {
					"surface": 1,
					"underground": 0
				},
				"minecraft:herd": {
					"min_size": 1,
					"max_size": 1
				},
				"minecraft:spawn_event": {
					"event": "thunder"
				},
				"minecraft:biome_filter": [
					{
						"any_of": [
							{
								"any_of": [
									{
										"test": "has_biome_tag",
										"value": "mountain"
									},
									{
										"test": "has_biome_tag",
										"value": "taiga"
									},
									{
										"test": "has_biome_tag",
										"value": "extreme_hills"
									},
									{
										"test": "has_biome_tag",
										"value": "jagged_peaks"
									}
								]
							},
							{
								"any_of": []
							}
						]
					}
				]
			}
		]
	}
}