{
	"format_version": "1.8.0",
	"minecraft:spawn_rules": {
		"description": {
			"identifier": "shapescape_dra:dragon_trader",
			"population_control": "animal"
		},
		"conditions": [
			{
				"minecraft:weight": {
					"default": 1,
					"rarity": 5 // I have no idea what is that property doing exactly, but it seems the bigger it is the lower the spawn chance is
				},
				"minecraft:spawns_on_surface": {},
				"minecraft:density_limit": { "surface": 1, "underground": 0 },
				"minecraft:spawns_on_block_filter": "minecraft:grass",
				"minecraft:brightness_filter": {
					"min": 7,
					"max": 15,
					"adjust_for_weather": false
				},
				"minecraft:herd": {
					"min_size": 1,
					"max_size": 1
				},
				"minecraft:biome_filter": [
					{
						"all_of": [
							{
								"test": "has_biome_tag",
								"operator": "!=",
								"value": "nether"
							},
							{
								"test": "has_biome_tag",
								"operator": "!=",
								"value": "nether_wastes"
							},
							{
								"test": "has_biome_tag",
								"operator": "!=",
								"value": "netherwart_forest"
							},
							{
								"test": "has_biome_tag",
								"operator": "!=",
								"value": "the_end"
							},
							{
								"test": "has_biome_tag",
								"operator": "!=",
								"value": "mooshroom_island"
							},
							{
								"test": "has_biome_tag",
								"operator": "!=",
								"value": "lakes"
							},
							{
								"test": "has_biome_tag",
								"operator": "!=",
								"value": "lukewarm"
							},
							{
								"test": "has_biome_tag",
								"operator": "!=",
								"value": "ocean"
							},
							{
								"test": "has_biome_tag",
								"operator": "!=",
								"value": "river"
							},
							{
								"test": "has_biome_tag",
								"operator": "!=",
								"value": "lush_caves"
							},
							{
								"test": "has_biome_tag",
								"operator": "!=",
								"value": "basalt_deltas"
							},
							{
								"test": "has_biome_tag",
								"operator": "!=",
								"value": "caves"
							},
							{
								"test": "has_biome_tag",
								"operator": "!=",
								"value": "deep_dark"
							},
							{
								"test": "has_biome_tag",
								"operator": "!=",
								"value": "dripstone_caves"
							},
							{
								"test": "has_biome_tag",
								"operator": "!=",
								"value": "beach"
							},
							{
								"test": "has_biome_tag",
								"operator": "!=",
								"value": "ice"
							}
						]
					}
				]
			}
		]
	}
}
