{
	"format_version": "1.8.0",
	"minecraft:spawn_rules": {
		"description": {
			"identifier": "shapescape_dra:puffer_creature",
			"population_control": "animal"
		},
		"conditions": [
			{
				"minecraft:spawns_on_surface": {},
				"minecraft:brightness_filter": {
					"min": 7,
					"max": 15,
					"adjust_for_weather": false
				},
				"minecraft:density_limit": {
					"surface": 3
				},
				"minecraft:weight": {
					"default": 12
				},
				"minecraft:herd": {
					"min_size": 1,
					"max_size": 3
				},
				"minecraft:biome_filter": [
					{
						"any_of": [
							{
								"all_of": [
									{
										"test": "has_biome_tag",
										"operator": "==",
										"value": "beach"
									},
									{
										"none_of": [
											{
												"test": "has_biome_tag",
												"operator": "==",
												"value": "cold"
											},
											{
												"test": "has_biome_tag",
												"operator": "==",
												"value": "stone"
											}
										]
									}
								]
							},
							{
								"test": "has_biome_tag",
								"operator": "==",
								"value": "warm"
							},
							{
								"test": "has_biome_tag",
								"operator": "==",
								"value": "desert"
							}
						]
					}
				]
			}
		]
	}
}
