{
	"format_version": "1.8.0",
	"minecraft:spawn_rules": {
		"description": {
			"identifier": "shapescape_dra:pyrobat_creature",
			"population_control": "animal"
		},
		"conditions": [
			{
				"minecraft:spawns_underground": {},
				"minecraft:brightness_filter": {
					"min": 0,
					"max": 7,
					"adjust_for_weather": false
				},
				"minecraft:density_limit": {
					"underground": 4,
					"surface": 4
				},
				"minecraft:weight": {
					"default": 40
				},
				"minecraft:herd": {
					"min_size": 3,
					"max_size": 4
				},
				"minecraft:biome_filter": [
					{
						"any_of": [
							{
								"any_of": [
									{
										"test": "has_biome_tag",
										"operator": "==",
										"value": "overworld"
									}
								]
							}
						]
					}
				]
			}
		]
	}
}
