{
	"format_version": "1.8.0",
	"minecraft:spawn_rules": {
		"description": {
			"identifier": "shapescape_dra:woolly_creature",
			"population_control": "animal"
		},
		"conditions": [
			{
				"minecraft:spawns_on_surface": {},
				"minecraft:spawns_on_block_filter": "minecraft:grass_block",
				"minecraft:brightness_filter": {
					"min": 7,
					"max": 15,
					"adjust_for_weather": false
				},
				"minecraft:weight": {
					"default": 8
				},
				"minecraft:herd": {
					"min_size": 2,
					"max_size": 3
				},

				"minecraft:biome_filter": {
					"any_of": [
						{
							"test": "has_biome_tag",
							"operator": "==",
							"value": "taiga"
						},
						{
							"test": "has_biome_tag",
							"operator": "==",
							"value": "snowy_slopes"
						},
						{
							"test": "has_biome_tag",
							"operator": "==",
							"value": "jagged_peaks"
						},
						{
							"test": "has_biome_tag",
							"operator": "==",
							"value": "ice_plains"
						},
						{
							"test": "has_biome_tag",
							"operator": "==",
							"value": "grove"
						}
					]
				}
			}
		]
	}
}
