{
	"animation_controllers": {
		"controller.animation.shapescape_dra.dragon.levelup.trigger": {
			"initial_state": "default",
			"states": {
				"default": {
					"transitions": [
						{
							"transform": "q.property('shapescape_dra:level') == 100"
						}
					]
				},
				"transform": {
					"on_entry": ["@s transform"]
				}
			}
		},
		"controller.animation.shapescape_dra.crystal_2_tamed.levelup.select_required_item": {
			"initial_state": "default",
			"states": {
				"default": {
					"transitions": [
						{
							"cooldown": "q.property('shapescape_dra:levelup_items') == 'none'"
						},
						{
							"wants_item": "!q.property('shapescape_dra:levelup_items') == 'none'"
						}
					]
				},
				"cooldown": {
					"on_entry": ["v.selection_cooldown = q.life_time + 10;"],
					"transitions": [
						{
							"select_new_item": "(v.selection_cooldown < q.life_time)"
						}
					]
				},
				"select_new_item": {
					"on_entry": ["v.selection_cooldown_2 = q.life_time + 0.1;", "/function shapescape/dra/crystal_2_tamed/new_item"],
					"transitions": [
						{
							"wants_item": "(v.selection_cooldown_2 < q.life_time)"
						}
					]
				},
				"wants_item": {
					"transitions": [
						{
							"default": "q.property('shapescape_dra:levelup_items') == 'none'"
						}
					]
				}
			}
		},
		"controller.animation.shapescape_dra.crystal_2_tamed.scavenging_mechanics": {
			"initial_state": "default",
			"states": {
				"default": {
					"transitions": [
						{
							"start_delay": "q.property('shapescape_dra:scavenging_time') > 0"
						}
					]
				},
				"start_delay": {
					"on_entry": ["v.scavenging_mechanics = q.life_time + 1;"],
					"transitions": [
						{
							"prep": "v.scavenging_mechanics < q.life_time"
						}
					]
				},
				"prep": {
					"on_entry": ["/particle shapescape_dra:crystal_2_tamed_scavenging_appear ~~~", "/playsound custom.shapescape_dra.dragon_scavenging @a ~~~ 0.6 1.2", "@s scavenging_remove_collision_box"],
					"transitions": [
						{
							"scavenging_add": "1.0"
						}
					]
				},
				"scavenging_add": {
					"on_entry": ["@s scavenging_time_add"],
					"transitions": [
						{
							"loop": "1.0"
						}
					]
				},
				"loop": {
					"on_entry": ["v.scavenging_mechanics = q.life_time + 1;"],
					"transitions": [
						{
							"scavenging_add": "v.scavenging_mechanics < q.life_time"
						},
						{
							"scavenging_stop_delay": "(q.property('shapescape_dra:scavenging_time') > 120) && q.property('shapescape_dra:scavenging_type') == 'meat'"
						},
						{
							"scavenging_stop_delay": "(q.property('shapescape_dra:scavenging_time') > 240) && q.property('shapescape_dra:scavenging_type') == 'wood'"
						},
						{
							"scavenging_stop_delay": "(q.property('shapescape_dra:scavenging_time') > 300) && q.property('shapescape_dra:scavenging_type') == 'ore'"
						},
						{
							"scavenging_stop_delay": "(q.property('shapescape_dra:scavenging_time') > 300) && q.property('shapescape_dra:scavenging_type') == 'mob'"
						}
					]
				},
				"scavenging_stop_delay": {
					"on_entry": ["@s scavenging_time_stop", "v.scavenging_mechanics = q.life_time + 1;"],
					"transitions": [
						{
							"scavenging_stop_meat": "q.property('shapescape_dra:scavenging_type') == 'meat'"
						},
						{
							"scavenging_stop_wood": "q.property('shapescape_dra:scavenging_type') == 'wood'"
						},
						{
							"scavenging_stop_ore": "q.property('shapescape_dra:scavenging_type') == 'ore'"
						},
						{
							"scavenging_stop_mob": "q.property('shapescape_dra:scavenging_type') == 'mob'"
						}
					]
				},
				"scavenging_stop_meat": {
					"on_entry": ["/schedule on_area_loaded add circle ~~~ 1 shapescape/dra/crystal_2_tamed/spawn_meat", "/particle shapescape_dra:crystal_2_tamed_scavenging_appear ~~~", "/playsound custom.shapescape_dra.dragon_scavenging @a ~~~ 0.6 0.9"],
					"transitions": [
						{
							"default": "1.0"
						}
					]
				},
				"scavenging_stop_wood": {
					"on_entry": ["/schedule on_area_loaded add circle ~~~ 1 shapescape/dra/crystal_2_tamed/spawn_wood", "/particle shapescape_dra:crystal_2_tamed_scavenging_appear ~~~", "/playsound custom.shapescape_dra.dragon_scavenging @a ~~~ 0.6 0.9"],
					"transitions": [
						{
							"default": "1.0"
						}
					]
				},
				"scavenging_stop_ore": {
					"on_entry": ["/schedule on_area_loaded add circle ~~~ 1 shapescape/dra/crystal_2_tamed/spawn_ore", "/particle shapescape_dra:crystal_2_tamed_scavenging_appear ~~~", "/playsound custom.shapescape_dra.dragon_scavenging @a ~~~ 0.6 0.9"],
					"transitions": [
						{
							"default": "1.0"
						}
					]
				},
				"scavenging_stop_mob": {
					"on_entry": ["/schedule on_area_loaded add circle ~~~ 1 shapescape/dra/crystal_2_tamed/spawn_mob", "/particle shapescape_dra:crystal_2_tamed_scavenging_appear ~~~", "/playsound custom.shapescape_dra.dragon_scavenging @a ~~~ 0.6 0.9"],
					"transitions": [
						{
							"default": "1.0"
						}
					]
				}
			}
		},
		"controller.animation.shapescape_dra.crystal_2_tamed.scavenging_particle": {
			"initial_state": "default",
			"states": {
				"default": {
					"transitions": [
						{
							"start_delay": "q.property('shapescape_dra:scavenging_time') > 0"
						}
					]
				},
				"start_delay": {
					"on_entry": ["v.scavenging_particle = q.life_time + 1;"],
					"transitions": [
						{
							"scavenging_add": "v.scavenging_particle < q.life_time"
						}
					]
				},
				"scavenging_add": {
					"transitions": [
						{
							"loop": "1.0"
						}
					]
				},
				"loop": {
					"on_entry": ["/particle shapescape_dra:dragon_scavenging_ray_hold ~~3~", "/particle shapescape_dra:dragon_scavenging_circle ~~0.05~", "v.scavenging_particle = q.life_time + 1;"],
					"transitions": [
						{
							"scavenging_add": "v.scavenging_particle < q.life_time"
						},
						{
							"default": "q.property('shapescape_dra:scavenging_time') == 0"
						}
					]
				}
			}
		},
		"controller.animation.shapescape_dra.crystal_2_tamed_sleeping.regeneration": {
			"initial_state": "default",
			"states": {
				"default": {
					"transitions": [
						{
							"sleeping": "q.is_stunned"
						}
					]
				},
				"sleeping": {
					"transitions": [
						{
							"default": "!q.is_stunned"
						}
					],
					"on_entry": ["/effect @s regeneration 9999999 2 false"],
					"on_exit": ["/effect @s regeneration 0 0 true"]
				}
			}
		},
		"controller.animation.shapescape_dra.crystal_2_tamed.remove_rideable": {
			"initial_state": "default",
			"states": {
				"default": {
					"transitions": [
						{
							"remove_is_alife": "q.is_sitting"
						},
						{
							"add_is_alife": "!q.is_sitting"
						}
					]
				},
				"remove_is_alife": {
					"on_entry": ["@s remove_is_alife"],
					"transitions": [
						{
							"add_is_alife": "!q.is_sitting"
						}
					]
				},
				"add_is_alife": {
					"on_entry": ["@s add_is_alife"],
					"transitions": [
						{
							"remove_is_alife": "q.is_sitting"
						}
					]
				}
			}
		},
		"controller.animation.shapescape_dra.crystal_2_tamed.hover": {
			"initial_state": "default",
			"states": {
				"default": {
					"transitions": [
						{
							"hover": "!q.is_baby"
						}
					]
				},
				"hover": {
					"on_entry": ["/effect @s levitation 1 0 true"],
					"transitions": [
						{
							"default": "1.0"
						}
					]
				}
			}
		},
		"controller.animation.shapescape_dra.crystal_2_tamed.dragon_attacks_tamed": {
			"initial_state": "default",
			"states": {
				"default": {
					"transitions": [
						{
							"tamed_attack_breath": "q.property('shapescape_dra:tamed_attack_type') == 'tamed_attack_breath'"
						},
						{
							"tamed_attack_special": "q.property('shapescape_dra:tamed_attack_type') == 'tamed_attack_special'"
						}
					],
					"on_exit": ["v.tamed_attack_breath = q.life_time + 3;", "v.tamed_attack_special = q.life_time + 4;"]
				},
				"tamed_attack_breath": {
					"on_entry": ["/scriptevent shapescape_dra:tamed_attack_breath @p"],
					"transitions": [
						{
							"tamed_attack_breath_loop": "1.0"
						}
					]
				},
				"tamed_attack_breath_loop": {
					"on_entry": ["v.tamed_attack_breath_delay = q.life_time + 0.05;"],
					"transitions": [
						{
							"tamed_attack_breath_stop": "v.tamed_attack_breath < q.life_time"
						},
						{
							"tamed_attack_breath": "v.tamed_attack_breath_delay < q.life_time"
						}
					]
				},
				"tamed_attack_breath_stop": {
					"on_entry": ["/event entity @s tamed_attack_remove"],
					"transitions": [
						{
							"default": "1.0"
						}
					]
				},
				"tamed_attack_special": {
					"on_entry": ["/scriptevent shapescape_dra:tamed_attack_special @p"],
					"transitions": [
						{
							"default": "v.tamed_attack_special < q.life_time"
						}
					],
					"on_exit": ["/event entity @s tamed_attack_remove"]
				}
			}
		},
		"controller.animation.shapescape_dra.dragon.shiny": {
			"states": {
				"default": {
					"transitions": [
						{
							"shiny": "!q.property('shapescape_dra:shiny') && q.skin_id == 2"
						}
					]
				},
				"shiny": {
					"on_entry": ["@s shiny"]
				}
			}
		},
		"controller.animation.shapescape_dra.crystal_2_tamed.save_dragon": {
			"states": {
				"default": {
					"transitions": [
						{
							"start": "q.is_alive && q.health > 1"
						}
					]
				},
				"start": {
					"on_entry": ["/scriptevent shapescape_dra:dragon_base save_dragon"],
					"transitions": [
						{
							"default": "q.state_time > 1.0"
						}
					]
				}
			}
		},
		"controller.animation.shapescape_dra.crystal_2_tamed.unsave_dragon": {
			"states": {
				"default": {
					"transitions": [
						{
							"start": "q.is_transforming"
						}
					]
				},
				"start": {
					"on_entry": ["/scriptevent shapescape_dra:dragon_base unsave_dragon"]
				}
			}
		},
		"controller.animation.shapescape_dra.crystal_2_tamed.shade_variant": {
			"initial_state": "default",
			"states": {
				"default": {
					"transitions": [
						{
							"shade_variant": "q.has_property('shapescape_dra:shade_variant') ? (q.property('shapescape_dra:shade_variant') == 1.000001) : 1"
						}
					]
				},
				"shade_variant": {
					"on_entry": ["/event entity @s[tag=!shapescape_dra_SHADE_VARIANT] shade_variant"],
					"transitions": [
						{
							"end": "1.0"
						}
					]
				},
				"end": {
					"on_entry": ["/tag @s[tag=!shapescape_dra_SHADE_VARIANT] add shapescape_dra_SHADE_VARIANT"]
				}
			}
		},
		"controller.animation.shapescape_dra.crystal_2_tamed.scale_variant": {
			"initial_state": "default",
			"states": {
				"default": {
					"transitions": [
						{
							"scale_variant": "q.has_property('shapescape_dra:scale_variant') ? (q.property('shapescape_dra:scale_variant') == 1.000001) : 1"
						}
					]
				},
				"scale_variant": {
					"on_entry": ["/event entity @s[tag=!shapescape_dra_SCALE_VARIANT] scale_variant"],
					"transitions": [
						{
							"end": "1.0"
						}
					]
				},
				"end": {
					"on_entry": ["/tag @s[tag=!shapescape_dra_SCALE_VARIANT] add shapescape_dra_SCALE_VARIANT"]
				}
			}
		},
		"controller.animation.shapescape_dra.crystal_2_tamed.death": {
			"initial_state": "default",
			"states": {
				"default": {
					"transitions": [
						{
							"death": "q.health == 1"
						}
					],
					"on_exit": ["/ride @s evict_riders", "@s remove_is_alife"]
				},
				"death": {
					"on_entry": ["@s death", "/function shapescape/dra/crystal_2_tamed/death_start", "variable.death = q.life_time + 2.8;"],
					"transitions": [
						{
							"despawn": "(variable.death < q.life_time)"
						}
					],
					"on_exit": ["/function shapescape/dra/crystal_2_tamed/death_end"]
				},
				"despawn": {
					"on_entry": ["@s despawn"]
				}
			}
		},
		"controller.animation.shapescape_dra.crystal_2_tamed.transform": {
			"initial_state": "default",
			"states": {
				"default": {
					"transitions": [
						{
							"transform": "q.is_transforming"
						}
					]
				},
				"transform": {
					"on_entry": ["/function shapescape/dra/crystal_2_tamed/trans_start", "variable.transform = q.life_time + 4.8;", "/ride @s evict_riders"],
					"transitions": [
						{
							"end": "(variable.transform < q.life_time)"
						}
					],
					"on_exit": ["/function shapescape/dra/crystal_2_tamed/trans_end"]
				},
				"end": {}
			}
		},
		"controller.animation.shapescape_dra.crystal_2_tamed.equip_saddle": {
			"initial_state": "default",
			"states": {
				"default": {
					"transitions": [
						{
							"equip_saddle": "q.is_saddled"
						},
						{
							"done": "!q.is_saddled"
						}
					]
				},
				"equip_saddle": {
					"transitions": [
						{
							"done": "1.0"
						}
					],
					"on_exit": ["/replaceitem entity @s slot.inventory 0 saddle"]
				},
				"done": {}
			}
		},
		"controller.animation.shapescape_dra.crystal_2_tamed.flying_speed": {
			"initial_state": "default",
			"states": {
				"default": {
					"transitions": [
						{
							"ground": "!q.has_rider"
						},
						{
							"air": "!q.is_on_ground && q.has_rider"
						},
						{
							"ground": "q.is_on_ground && q.has_rider"
						}
					]
				},
				"air": {
					"on_entry": ["/effect @s slowness 0 0 true"],
					"transitions": [
						{
							"default": "1.0"
						}
					]
				},
				"ground": {
					"on_entry": ["/effect @s[family=!baby] slowness 2 4 true"],
					"transitions": [
						{
							"default": "1.0"
						}
					]
				}
			}
		}
	},
	"format_version": "1.20.0"
}