{
	"format_version": "1.20.50",
	"animation_controllers": {
		"controller.animation.shapescape_dra.spawned": {
			"initial_state": "default",
			"states": {
				"default": {
					"transitions": [
						{
							"spawned": "query.is_baby"
						},
						{
							"spawned": "query.is_baby"
						},
						{
							"spawned": "query.is_baby"
						},
						{
							"spawned": "query.is_baby"
						},
						{
							"spawned": "query.is_baby"
						},
						{
							"spawned": "query.is_baby"
						},
						{
							"spawned": "query.is_baby"
						}
					]
				},
				"spawned": {
					"on_entry": ["@s wait_for_transformation", "@s wait_for_transformation", "@s wait_for_transformation", "@s wait_for_transformation", "@s wait_for_transformation", "@s wait_for_transformation", "@s wait_for_transformation"]
				}
			}
		},
		"controller.animation.shapescape_dra.give_player_bucket": {
			"initial_state": "default",
			"states": {
				"default": {
					"transitions": [
						{
							"interacted": "query.variant == 2"
						},
						{
							"interacted": "query.variant == 2"
						},
						{
							"interacted": "query.variant == 2"
						},
						{
							"interacted": "query.variant == 2"
						},
						{
							"interacted": "query.variant == 2"
						},
						{
							"interacted": "query.variant == 2"
						},
						{
							"interacted": "query.variant == 2"
						}
					]
				},
				"interacted": {
					"on_entry": ["/replaceitem entity @p slot.weapon.mainhand 0 keep bucket 1 0", "/replaceitem entity @p slot.weapon.mainhand 0 keep bucket 1 0", "/replaceitem entity @p slot.weapon.mainhand 0 keep bucket 1 0", "/replaceitem entity @p slot.weapon.mainhand 0 keep bucket 1 0", "/replaceitem entity @p slot.weapon.mainhand 0 keep bucket 1 0", "/replaceitem entity @p slot.weapon.mainhand 0 keep bucket 1 0", "/replaceitem entity @p slot.weapon.mainhand 0 keep bucket 1 0"]
				}
			}
		},
		"controller.animation.shapescape_dra.trigger_transformation": {
			"initial_state": "default",
			"states": {
				"default": {
					"transitions": [
						{
							"transform_sequence": "q.is_tamed"
						},
						{
							"transform_sequence": "q.is_tamed"
						},
						{
							"transform_sequence": "q.is_tamed"
						},
						{
							"transform_sequence": "q.is_tamed"
						},
						{
							"transform_sequence": "q.is_tamed"
						},
						{
							"transform_sequence": "q.is_tamed"
						},
						{
							"transform_sequence": "q.is_tamed"
						}
					],
					"on_entry": ["/playsound place.tuff @a[r=8] ~ ~ ~ 1 1 ", "/playsound place.tuff @a[r=8] ~ ~ ~ 1 1 ", "/playsound place.tuff @a[r=8] ~ ~ ~ 1 1 ", "/playsound place.tuff @a[r=8] ~ ~ ~ 1 1 ", "/playsound place.tuff @a[r=8] ~ ~ ~ 1 1 ", "/playsound place.tuff @a[r=8] ~ ~ ~ 1 1 ", "/playsound place.tuff @a[r=8] ~ ~ ~ 1 1 "]
				},
				"transform_sequence": {
					"on_entry": ["@s transform_sequence", "@s transform_sequence", "@s transform_sequence", "@s transform_sequence", "@s transform_sequence", "@s transform_sequence", "@s transform_sequence"]
				}
			}
		},
		"controller.animation.shapescape_dra.cave_dragon_egg.drop_item": {
			"initial_state": "default",
			"states": {
				"default": {
					"transitions": [
						{
							"drop_item": "(!q.is_on_ground && q.vertical_speed >= 0) || q.is_saddled"
						}
					]
				},
				"drop_item": {
					"on_entry": ["/function shapescape/dra/dragon_eggs/cave/drop", "@s despawn"]
				}
			}
		},
		"controller.animation.shapescape_dra.crystal_dragon_egg.drop_item": {
			"initial_state": "default",
			"states": {
				"default": {
					"transitions": [
						{
							"drop_item": "(!q.is_on_ground && q.vertical_speed >= 0) || q.is_saddled"
						}
					]
				},
				"drop_item": {
					"on_entry": ["/function shapescape/dra/dragon_eggs/crystal/drop", "@s despawn"]
				}
			}
		},
		"controller.animation.shapescape_dra.fae_dragon_egg.drop_item": {
			"initial_state": "default",
			"states": {
				"default": {
					"transitions": [
						{
							"drop_item": "(!q.is_on_ground && q.vertical_speed >= 0) || q.is_saddled"
						}
					]
				},
				"drop_item": {
					"on_entry": ["/function shapescape/dra/dragon_eggs/fae/drop", "@s despawn"]
				}
			}
		},
		"controller.animation.shapescape_dra.fire_dragon_egg.drop_item": {
			"initial_state": "default",
			"states": {
				"default": {
					"transitions": [
						{
							"drop_item": "(!q.is_on_ground && q.vertical_speed >= 0) || q.is_saddled"
						}
					]
				},
				"drop_item": {
					"on_entry": ["/function shapescape/dra/dragon_eggs/fire/drop", "@s despawn"]
				}
			}
		},
		"controller.animation.shapescape_dra.ice_dragon_egg.drop_item": {
			"initial_state": "default",
			"states": {
				"default": {
					"transitions": [
						{
							"drop_item": "(!q.is_on_ground && q.vertical_speed >= 0) || q.is_saddled"
						}
					]
				},
				"drop_item": {
					"on_entry": ["/function shapescape/dra/dragon_eggs/ice/drop", "@s despawn"]
				}
			}
		},
		"controller.animation.shapescape_dra.poison_dragon_egg.drop_item": {
			"initial_state": "default",
			"states": {
				"default": {
					"transitions": [
						{
							"drop_item": "(!q.is_on_ground && q.vertical_speed >= 0) || q.is_saddled"
						}
					]
				},
				"drop_item": {
					"on_entry": ["/function shapescape/dra/dragon_eggs/poison/drop", "@s despawn"]
				}
			}
		},
		"controller.animation.shapescape_dra.thunder_dragon_egg.drop_item": {
			"initial_state": "default",
			"states": {
				"default": {
					"transitions": [
						{
							"drop_item": "(!q.is_on_ground && q.vertical_speed >= 0) || q.is_saddled"
						}
					]
				},
				"drop_item": {
					"on_entry": ["/function shapescape/dra/dragon_eggs/thunder/drop", "@s despawn"]
				}
			}
		}
	}
}