{
	"format_version": "1.20.0",
	"animation_controllers": {
		"controller.animation.shapescape_dra.dragon_hunter_spear.delayed_attack": {
			"initial_state": "default",
			"states": {
				"default": {
					"transitions": [
						{
							"no_attack": "1.0"
						}
					]
				},
				"no_attack": {
					"on_entry": ["@s shapescape_dra:unlock_movement"],
					"transitions": [
						{
							"attack": "q.is_delayed_attacking"
						}
					]
				},
				"attack": {
					"on_entry": ["@s shapescape_dra:lock_movement"],
					"transitions": [
						{
							"no_attack": "!q.is_delayed_attacking"
						}
					]
				}
			}
		}
	}
}
