{
	"format_version": "1.20.0",
	"animation_controllers": {
		"controller.animation.shapescape_dra.dragon_armor": {
			"initial_state": "default",
			"states": {
				"default": {
					"transitions": [
						{
							"check_armor": "1.0"
						}
					]
				},
				"check_armor": {
					"on_entry": [
						"/execute as @s[hasitem={item=shapescape_dra:iron_dragon_armor,quantity=0}] as @s[hasitem={item=shapescape_dra:gold_dragon_armor,quantity=0}] as @s[hasitem={item=shapescape_dra:diamond_dragon_armor,quantity=0}] run event entity @s[has_property={shapescape_dra:dragon_armor=!0}] no_armor",
						"/execute as @s[hasitem={item=shapescape_dra:iron_dragon_armor}] run event entity @s[has_property={shapescape_dra:dragon_armor=!1}] iron_dragon_armor",
						"/execute as @s[hasitem={item=shapescape_dra:gold_dragon_armor}] run event entity @s[has_property={shapescape_dra:dragon_armor=!2}] gold_dragon_armor",
						"/execute as @s[hasitem={item=shapescape_dra:diamond_dragon_armor}] run event entity @s[has_property={shapescape_dra:dragon_armor=!3}] diamond_dragon_armor"
					],
					"transitions": [
						{
							"default": "1.0"
						}
					]
				}
			}
		}
	}
}
