{
	"format_version": "1.20.30",
	"animation_controllers": {
		"controller.animation.shapescape_dra.send_rider_to_script": {
			"initial_state": "init",
			"states": {
				"init": {
					"transitions": [
						{
							"no_rider_init": "!q.has_rider"
						},
						{
							"has_rider": "q.has_rider"
						}
					],
					"on_entry": ["/effect @s levitation 0 0 true"]
				},
				"no_rider_init": {
					"transitions": [
						{
							"has_rider": "q.has_rider"
						}
					],
					"on_entry": ["/scriptevent shapescape_dra:dragon_ride NULL"]
				},
				"no_rider": {
					"transitions": [
						{
							"has_rider": "q.has_rider"
						}
					]
				},
				"has_rider": {
					"transitions": [
						{
							"no_rider": "!q.has_rider"
						}
					],
					"on_entry": ["/scriptevent shapescape_dra:dragon_ride @p"],
					"on_exit": ["/scriptevent shapescape_dra:dragon_ride NULL"]
				}
			}
		},
		"controller.animation.shapescape_dra.dragon_ui_trigger": {
			"initial_state": "init",
			"states": {
				"init": {
					"transitions": [
						{
							"default": "!q.is_sitting"
						},
						{
							"wait_for_reset": "q.is_sitting"
						}
					]
				},
				"wait_for_reset": {
					"transitions": [
						{
							"default": "!q.is_sitting"
						}
					]
				},
				"default": {
					"transitions": [
						{
							"open_ui": "q.is_sitting && !q.is_transforming && !q.has_rider"
						}
					],
					"on_entry": ["@s remove_sleeping", "/effect @s regeneration 0 0 true"]
				},
				"open_ui": {
					"transitions": [
						{
							"open_ui_sitting": "q.property('shapescape_dra:ui_trigger') && (q.is_alive ? (q.has_property('shapescape_dra:scavenging_time') ? (q.property('shapescape_dra:scavenging_time') == 0) : 1) : 0) && !q.is_powered"
						},
						{
							"default": "!q.is_sitting"
						}
					],
					"on_entry": ["/scriptevent shapescape_dra:dragon_ui_trigger @p"]
				},
				"open_ui_sitting": {
					"transitions": [
						{
							"open_ui": "(1.0)"
						}
					],
					"on_entry": ["/scriptevent shapescape_dra:dragon_ui_trigger @p", "@s deactivate_ui_trigger"]
				}
			}
		},
		"controller.animation.shapescape_dra.dragon_check_sitting": {
			"initial_state": "default",
			"states": {
				"default": {
					"transitions": [
						{
							"sitting": "q.is_sitting"
						}
					]
				},
				"sitting": {
					"transitions": [
						{
							"default": "!q.is_sitting"
						}
					],
					"on_entry": ["/tag @s add shapescape_dra_sitting"],
					"on_exit": ["/tag @s remove shapescape_dra_sitting"]
				}
			}
		},
		"controller.animation.shapescape_dra.dragon_check_rider": {
			"initial_state": "default",
			"states": {
				"default": {
					"transitions": [
						{
							"has_rider": "q.has_rider"
						}
					]
				},
				"has_rider": {
					"transitions": [
						{
							"default": "!q.has_rider"
						},
						{
							"has_rider_loop_back": "q.state_time > 1"
						}
					],
					"on_entry": ["/scriptevent shapescape_dra:check_dragon_riders"]
				},
				"has_rider_loop_back": {
					"transitions": [
						{
							"has_rider": "1.0"
						}
					]
				}
			}
		}
	}
}