{
	"format_version": "1.20.0",
	"animation_controllers": {
		"controller.animation.shapescape_dra.dragon.shiny": {
			"states": {
				"default": {
					"transitions": [
						{
							"shiny": "!q.property('shapescape_dra:shiny') && q.skin_id == 2"
						}
					]
				},
				"shiny": {
					"on_entry": ["@s shiny"]
				}
			}
		},
		"controller.animation.shapescape_dra.fae_1_tamed.save_dragon": {
			"states": {
				"default": {
					"transitions": [
						{
							"start": "q.is_alive && q.health > 1"
						}
					]
				},
				"start": {
					"on_entry": ["/scriptevent shapescape_dra:dragon_base save_dragon"],
					"transitions": [
						{
							"default": "q.state_time > 1.0"
						}
					]
				}
			}
		},
		"controller.animation.shapescape_dra.fae_1_tamed.unsave_dragon": {
			"states": {
				"default": {
					"transitions": [
						{
							"start": "q.is_transforming"
						}
					]
				},
				"start": {
					"on_entry": ["/scriptevent shapescape_dra:dragon_base unsave_dragon"]
				}
			}
		},
		"controller.animation.shapescape_dra.fae_1_tamed.shade_variant": {
			"initial_state": "default",
			"states": {
				"default": {
					"transitions": [
						{
							"shade_variant": "q.has_property('shapescape_dra:shade_variant') ? (q.property('shapescape_dra:shade_variant') == 1.000001) : 1"
						}
					]
				},
				"shade_variant": {
					"on_entry": ["/event entity @s[tag=!shapescape_dra_SHADE_VARIANT] shade_variant"],
					"transitions": [
						{
							"end": "1.0"
						}
					]
				},
				"end": {
					"on_entry": ["/tag @s[tag=!shapescape_dra_SHADE_VARIANT] add shapescape_dra_SHADE_VARIANT"]
				}
			}
		},
		"controller.animation.shapescape_dra.fae_1_tamed.scale_variant": {
			"initial_state": "default",
			"states": {
				"default": {
					"transitions": [
						{
							"scale_variant": "q.has_property('shapescape_dra:scale_variant') ? (q.property('shapescape_dra:scale_variant') == 1.000001) : 1"
						}
					]
				},
				"scale_variant": {
					"on_entry": ["/event entity @s[tag=!shapescape_dra_SCALE_VARIANT] scale_variant"],
					"transitions": [
						{
							"end": "1.0"
						}
					]
				},
				"end": {
					"on_entry": ["/tag @s[tag=!shapescape_dra_SCALE_VARIANT] add shapescape_dra_SCALE_VARIANT"]
				}
			}
		},
		"controller.animation.shapescape_dra.fae_1_tamed.death": {
			"initial_state": "default",
			"states": {
				"default": {
					"transitions": [
						{
							"death": "q.health == 1"
						}
					],
					"on_exit": ["/ride @s evict_riders", "@s remove_is_alife"]
				},
				"death": {
					"on_entry": ["@s death", "/function shapescape/dra/fae_1_tamed/death_start", "variable.death = q.life_time + 2.8;"],
					"transitions": [
						{
							"despawn": "(variable.death < q.life_time)"
						}
					],
					"on_exit": ["/function shapescape/dra/fae_1_tamed/death_end"]
				},
				"despawn": {
					"on_entry": ["@s despawn"]
				}
			}
		},
		"controller.animation.shapescape_dra.fae_1_tamed.transform": {
			"initial_state": "default",
			"states": {
				"default": {
					"transitions": [
						{
							"transform": "q.is_transforming"
						}
					]
				},
				"transform": {
					"on_entry": ["/function shapescape/dra/fae_1_tamed/trans_start", "variable.transform = q.life_time + 4.8;", "/ride @s evict_riders"],
					"transitions": [
						{
							"end": "(variable.transform < q.life_time)"
						}
					],
					"on_exit": ["/function shapescape/dra/fae_1_tamed/trans_end"]
				},
				"end": {}
			}
		},
		"controller.animation.shapescape_dra.fae_1_tamed.equip_saddle": {
			"initial_state": "default",
			"states": {
				"default": {
					"transitions": [
						{
							"equip_saddle": "q.is_saddled"
						},
						{
							"done": "!q.is_saddled"
						}
					]
				},
				"equip_saddle": {
					"transitions": [
						{
							"done": "1.0"
						}
					],
					"on_exit": ["/replaceitem entity @s slot.inventory 0 saddle"]
				},
				"done": {}
			}
		},
		"controller.animation.shapescape_dra.fae_1_tamed.flying_speed": {
			"initial_state": "default",
			"states": {
				"default": {
					"transitions": [
						{
							"ground": "!q.has_rider"
						},
						{
							"air": "!q.is_on_ground && q.has_rider"
						},
						{
							"ground": "q.is_on_ground && q.has_rider"
						}
					]
				},
				"air": {
					"on_entry": ["/effect @s slowness 0 0 true"],
					"transitions": [
						{
							"default": "1.0"
						}
					]
				},
				"ground": {
					"on_entry": ["/effect @s[family=!baby] slowness 2 3 true"],
					"transitions": [
						{
							"default": "1.0"
						}
					]
				}
			}
		},
		"controller.animation.shapescape_dra.dragon.levelup.trigger": {
			"initial_state": "default",
			"states": {
				"default": {
					"transitions": [
						{
							"transform": "q.property('shapescape_dra:level') == 100"
						}
					]
				},
				"transform": {
					"on_entry": ["@s transform"]
				}
			}
		},
		"controller.animation.shapescape_dra.fae_1_tamed.levelup.select_required_item": {
			"initial_state": "default",
			"states": {
				"default": {
					"transitions": [
						{
							"cooldown": "q.property('shapescape_dra:levelup_items') == 'none'"
						},
						{
							"wants_item": "!q.property('shapescape_dra:levelup_items') == 'none'"
						}
					]
				},
				"cooldown": {
					"on_entry": ["v.selection_cooldown = q.life_time + 5;"],
					"transitions": [
						{
							"select_new_item": "(v.selection_cooldown < q.life_time)"
						}
					]
				},
				"select_new_item": {
					"on_entry": ["v.selection_cooldown_2 = q.life_time + 0.1;", "/function shapescape/dra/fae_1_tamed/new_item"],
					"transitions": [
						{
							"wants_item": "(v.selection_cooldown_2 < q.life_time)"
						}
					]
				},
				"wants_item": {
					"transitions": [
						{
							"default": "q.property('shapescape_dra:levelup_items') == 'none'"
						}
					]
				}
			}
		},
		"controller.animation.shapescape_dra.fae_1_tamed.gift": {
			"initial_state": "default",
			"states": {
				"default": {
					"transitions": [
						{
							"spawn_item_cooldown": "!q.is_item_equipped('main_hand')"
						}
					]
				},
				"spawn_item_cooldown": {
					"on_entry": ["v.gift = q.life_time + math.random(120, 300);"],
					"transitions": [
						{
							"spawn_item": "(v.gift < q.life_time) && !q.is_item_equipped('main_hand')"
						},
						{
							"default": "(v.gift < q.life_time) || q.is_item_equipped('main_hand')"
						}
					]
				},
				"spawn_item": {
					"on_entry": ["/loot replace entity @s slot.weapon.mainhand 0 1 loot \"shapescape/dra/fae_1_tamed_gift.loot\""],
					"transitions": [
						{
							"default": "1.0"
						}
					]
				}
			}
		}
	}
}