{
	"format_version": "1.20.0",
	"animation_controllers": {
		"controller.animation.shapescape_dra.poison_2_tamed.particle": {
			"initial_state": "default",
			"states": {
				"default": {
					"transitions": [
						{
							"start": "1.0"
						}
					]
				},
				"start": {
					"on_entry": ["/particle shapescape_dra:dragon_scavenging_ray_end ~~1~"]
				}
			}
		},
		"controller.animation.shapescape_dra.poison_2_tamed.drop": {
			"initial_state": "default",
			"states": {
				"default": {
					"transitions": [
						{
							"start": "q.is_baby"
						}
					]
				},
				"start": {
					"transitions": [
						{
							"scavenging_drop_meat": "q.property('shapescape_dra:scavenging_type') == 'meat'"
						},
						{
							"scavenging_drop_wood": "q.property('shapescape_dra:scavenging_type') == 'wood'"
						},
						{
							"scavenging_drop_ore": "q.property('shapescape_dra:scavenging_type') == 'ore'"
						},
						{
							"scavenging_drop_mob": "q.property('shapescape_dra:scavenging_type') == 'mob'"
						}
					]
				},
				"despawn": {
					"on_entry": ["@s despawn"]
				},
				"scavenging_drop_meat": {
					"on_entry": ["/function shapescape/dra/poison_2_tamed/drop_meat"],
					"transitions": [
						{
							"despawn": "1.0"
						}
					]
				},
				"scavenging_drop_wood": {
					"on_entry": ["/function shapescape/dra/poison_2_tamed/drop_wood"],
					"transitions": [
						{
							"despawn": "1.0"
						}
					]
				},
				"scavenging_drop_ore": {
					"on_entry": ["/function shapescape/dra/poison_2_tamed/drop_ore"],
					"transitions": [
						{
							"despawn": "1.0"
						}
					]
				},
				"scavenging_drop_mob": {
					"on_entry": ["/function shapescape/dra/poison_2_tamed/drop_mob"],
					"transitions": [
						{
							"despawn": "1.0"
						}
					]
				}
			}
		}
	}
}