{
	"format_version": "1.10.0",
	"animation_controllers": {
		"controller.animation.shapescape_dra.tamed_breath_proj.cave_2_tamed": {
			"states": {
				"default": {
					"transitions": [
						{
							"start": "q.is_on_ground"
						},
						{
							"water": "q.is_in_water"
						}
					]
				},
				"start": {
					"on_entry": ["/fill ~-1~-1~-1~1~1~1 cave keep", "/fill ~-1~-1~-1~1~1~1 air replace ice []", "/fill ~-1~-1~-1~1~1~1 air replace blue_ice []", "/fill ~-1~-1~-1~1~1~1 air replace packed_ice []", "/fill ~-1~-1~-1~1~1~1 air replace frosted_ice []", "/fill ~-1~-1~-1~1~1~1 air replace snow []", "/fill ~-1~-1~-1~1~1~1 air replace snowsnow_layer []"],
					"transitions": [
						{
							"despawn": "1.0"
						}
					]
				},
				"water": {
					"on_entry": ["/execute as @s if block ~~~ water run playsound random.fizz @a ~~~ 1 1", "/execute as @s if block ~~~ flowing_water run playsound random.fizz @a ~~~ 1 1", "variable.water_sound = q.life_time + 0.1;"],
					"transitions": [
						{
							"despawn": "variable.water_sound < q.life_time"
						}
					]
				},
				"despawn": {
					"on_entry": ["@s despawn"]
				}
			}
		},
		"controller.animation.shapescape_dra.tamed_breath_proj.cave_3_tamed": {
			"states": {
				"default": {
					"transitions": [
						{
							"start": "q.is_on_ground"
						},
						{
							"water": "q.is_in_water"
						}
					]
				},
				"start": {
					"on_entry": ["/fill ~-1~-1~-1~1~1~1 cave keep", "/fill ~-1~-1~-1~1~1~1 air replace ice []", "/fill ~-1~-1~-1~1~1~1 air replace blue_ice []", "/fill ~-1~-1~-1~1~1~1 air replace packed_ice []", "/fill ~-1~-1~-1~1~1~1 air replace frosted_ice []", "/fill ~-1~-1~-1~1~1~1 air replace snow []", "/fill ~-1~-1~-1~1~1~1 air replace snowsnow_layer []"],
					"transitions": [
						{
							"despawn": "1.0"
						}
					]
				},
				"water": {
					"on_entry": ["/execute as @s if block ~~~ water run playsound random.fizz @a ~~~ 1 1", "/execute as @s if block ~~~ flowing_water run playsound random.fizz @a ~~~ 1 1", "variable.water_sound = q.life_time + 0.1;"],
					"transitions": [
						{
							"despawn": "variable.water_sound < q.life_time"
						}
					]
				},
				"despawn": {
					"on_entry": ["@s despawn"]
				}
			}
		},
		"controller.animation.shapescape_dra.tamed_breath_proj.fire_2_tamed": {
			"states": {
				"default": {
					"transitions": [
						{
							"start": "q.is_on_ground"
						},
						{
							"water": "q.is_in_water"
						}
					]
				},
				"start": {
					"on_entry": ["/fill ~-1~-1~-1~1~1~1 fire keep", "/fill ~-1~-1~-1~1~1~1 air replace ice []", "/fill ~-1~-1~-1~1~1~1 air replace blue_ice []", "/fill ~-1~-1~-1~1~1~1 air replace packed_ice []", "/fill ~-1~-1~-1~1~1~1 air replace frosted_ice []", "/fill ~-1~-1~-1~1~1~1 air replace snow []", "/fill ~-1~-1~-1~1~1~1 air replace snowsnow_layer []"],
					"transitions": [
						{
							"despawn": "1.0"
						}
					]
				},
				"water": {
					"on_entry": ["/execute as @s if block ~~~ water run playsound random.fizz @a ~~~ 1 1", "/execute as @s if block ~~~ flowing_water run playsound random.fizz @a ~~~ 1 1", "variable.water_sound = q.life_time + 0.1;"],
					"transitions": [
						{
							"despawn": "variable.water_sound < q.life_time"
						}
					]
				},
				"despawn": {
					"on_entry": ["@s despawn"]
				}
			}
		},
		"controller.animation.shapescape_dra.tamed_breath_proj.fire_3_tamed": {
			"states": {
				"default": {
					"transitions": [
						{
							"start": "q.is_on_ground"
						},
						{
							"water": "q.is_in_water"
						}
					]
				},
				"start": {
					"on_entry": ["/fill ~-1~-1~-1~1~1~1 fire keep", "/fill ~-1~-1~-1~1~1~1 air replace ice []", "/fill ~-1~-1~-1~1~1~1 air replace blue_ice []", "/fill ~-1~-1~-1~1~1~1 air replace packed_ice []", "/fill ~-1~-1~-1~1~1~1 air replace frosted_ice []", "/fill ~-1~-1~-1~1~1~1 air replace snow []", "/fill ~-1~-1~-1~1~1~1 air replace snowsnow_layer []"],
					"transitions": [
						{
							"despawn": "1.0"
						}
					]
				},
				"water": {
					"on_entry": ["/execute as @s if block ~~~ water run playsound random.fizz @a ~~~ 1 1", "/execute as @s if block ~~~ flowing_water run playsound random.fizz @a ~~~ 1 1", "variable.water_sound = q.life_time + 0.1;"],
					"transitions": [
						{
							"despawn": "variable.water_sound < q.life_time"
						}
					]
				},
				"despawn": {
					"on_entry": ["@s despawn"]
				}
			}
		}
	}
}