{
	"format_version": "1.20.0",
	"animations": {
		"animation.shapescape_dra.cave_dragon_egg_summoner.spawn_stuff": {
			"animation_length": 0.5,
			"loop": false,
			"timeline": {
				"0.0": ["/execute align xyz positioned ~0.5 ~ ~0.5 unless block ~ ~2 ~ air unless block ~ ~3 ~ air unless block ~ ~4 ~ air unless block ~ ~5 ~ air unless block ~ ~6 ~ air unless block ~ ~7 ~ air unless block ~ ~8 ~ air unless block ~ ~9 ~ air unless block ~ ~10 ~ air run event entity @s despawn", "/execute at @s[tag=!shapescape_dra_spawned_from_feature] if entity @e[family=shapescape_dra_egg_summoner, r=128, rm=2] run event entity @s despawn", "/execute as @s[has_property={shapescape_dra:dragon=\"cave\"}] run tag @s add shapescape_dra_CAVE_DRAGON"],
				"0.2": ["/execute align xyz positioned ~0.5 ~ ~0.5 run setblock ~ ~ ~ shapescape_dra:nest", "/execute align xyz positioned ~0.5 ~ ~0.5 run summon shapescape_dra:cave_dragon_egg ~ ~0.5 ~ 0 0 wait_for_transformation", "/execute as @s[tag=!shapescape_dra_CAVE_DRAGON] run summon shapescape_dra:cave_2_wild ~ ~20 ~ 0 0", "/execute as @s[tag=shapescape_dra_CAVE_DRAGON] run summon shapescape_dra:cave_2_wild ~ ~ ~ 0 0", "/execute as @s[tag=shapescape_dra_CAVE_DRAGON] at @s run tp @e[type=shapescape_dra:cave_2_wild,c=1,r=2] ~ ~5 ~-3 45 0"],
				"0.3": ["@s wait_for_despawn"]
			}
		},
		"animation.shapescape_dra.cave_dragon_egg_summoner.spawn_just_egg": {
			"animation_length": 0.5,
			"loop": false,
			"timeline": {
				"0.0": ["/execute if block ~ ~ ~ minecraft:air align xyz positioned ~0.5 ~ ~0.5 run summon shapescape_dra:cave_dragon_egg ~ ~ ~ 0 0 wait_for_transformation", "/execute unless block ~ ~ ~ minecraft:air align xyz positioned ~0.5 ~0.5 ~0.5 run summon shapescape_dra:cave_dragon_egg ~ ~ ~ 0 0 wait_for_transformation"],
				"0.2": ["@s despawn"]
			}
		},
		"animation.shapescape_dra.crystal_dragon_egg_summoner.spawn_stuff": {
			"animation_length": 0.5,
			"loop": false,
			"timeline": {
				"0.0": ["/execute align xyz positioned ~0.5 ~ ~0.5 unless block ~ ~2 ~ air unless block ~ ~3 ~ air unless block ~ ~4 ~ air unless block ~ ~5 ~ air unless block ~ ~6 ~ air unless block ~ ~7 ~ air unless block ~ ~8 ~ air unless block ~ ~9 ~ air unless block ~ ~10 ~ air run event entity @s despawn", "/execute at @s[tag=!shapescape_dra_spawned_from_feature] if entity @e[family=shapescape_dra_egg_summoner, r=128, rm=2] run event entity @s despawn", "/execute as @s[has_property={shapescape_dra:dragon=\"cave\"}] run tag @s add shapescape_dra_CAVE_DRAGON"],
				"0.2": ["/execute align xyz positioned ~0.5 ~ ~0.5 run setblock ~ ~ ~ shapescape_dra:nest", "/execute align xyz positioned ~0.5 ~ ~0.5 run summon shapescape_dra:crystal_dragon_egg ~ ~0.5 ~ 0 0 wait_for_transformation", "/execute as @s[tag=!shapescape_dra_CAVE_DRAGON] run summon shapescape_dra:crystal_2_wild ~ ~20 ~ 0 0", "/execute as @s[tag=shapescape_dra_CAVE_DRAGON] run summon shapescape_dra:crystal_2_wild ~ ~ ~ 0 0", "/execute as @s[tag=shapescape_dra_CAVE_DRAGON] at @s run tp @e[type=shapescape_dra:crystal_2_wild,c=1,r=2] ~ ~5 ~-3 45 0"],
				"0.3": ["@s wait_for_despawn"]
			}
		},
		"animation.shapescape_dra.crystal_dragon_egg_summoner.spawn_just_egg": {
			"animation_length": 0.5,
			"loop": false,
			"timeline": {
				"0.0": ["/execute if block ~ ~ ~ minecraft:air align xyz positioned ~0.5 ~ ~0.5 run summon shapescape_dra:crystal_dragon_egg ~ ~ ~ 0 0 wait_for_transformation", "/execute unless block ~ ~ ~ minecraft:air align xyz positioned ~0.5 ~0.5 ~0.5 run summon shapescape_dra:crystal_dragon_egg ~ ~ ~ 0 0 wait_for_transformation"],
				"0.2": ["@s despawn"]
			}
		},
		"animation.shapescape_dra.fae_dragon_egg_summoner.spawn_stuff": {
			"animation_length": 0.5,
			"loop": false,
			"timeline": {
				"0.0": ["/execute align xyz positioned ~0.5 ~ ~0.5 unless block ~ ~2 ~ air unless block ~ ~3 ~ air unless block ~ ~4 ~ air unless block ~ ~5 ~ air unless block ~ ~6 ~ air unless block ~ ~7 ~ air unless block ~ ~8 ~ air unless block ~ ~9 ~ air unless block ~ ~10 ~ air run event entity @s despawn", "/execute at @s[tag=!shapescape_dra_spawned_from_feature] if entity @e[family=shapescape_dra_egg_summoner, r=128, rm=2] run event entity @s despawn", "/execute as @s[has_property={shapescape_dra:dragon=\"cave\"}] run tag @s add shapescape_dra_CAVE_DRAGON"],
				"0.2": ["/execute align xyz positioned ~0.5 ~ ~0.5 run setblock ~ ~ ~ shapescape_dra:nest", "/execute align xyz positioned ~0.5 ~ ~0.5 run summon shapescape_dra:fae_dragon_egg ~ ~0.5 ~ 0 0 wait_for_transformation", "/execute as @s[tag=!shapescape_dra_CAVE_DRAGON] run summon shapescape_dra:fae_2_wild ~ ~20 ~ 0 0", "/execute as @s[tag=shapescape_dra_CAVE_DRAGON] run summon shapescape_dra:fae_2_wild ~ ~ ~ 0 0", "/execute as @s[tag=shapescape_dra_CAVE_DRAGON] at @s run tp @e[type=shapescape_dra:fae_2_wild,c=1,r=2] ~ ~5 ~-3 45 0"],
				"0.3": ["@s wait_for_despawn"]
			}
		},
		"animation.shapescape_dra.fae_dragon_egg_summoner.spawn_just_egg": {
			"animation_length": 0.5,
			"loop": false,
			"timeline": {
				"0.0": ["/execute if block ~ ~ ~ minecraft:air align xyz positioned ~0.5 ~ ~0.5 run summon shapescape_dra:fae_dragon_egg ~ ~ ~ 0 0 wait_for_transformation", "/execute unless block ~ ~ ~ minecraft:air align xyz positioned ~0.5 ~0.5 ~0.5 run summon shapescape_dra:fae_dragon_egg ~ ~ ~ 0 0 wait_for_transformation"],
				"0.2": ["@s despawn"]
			}
		},
		"animation.shapescape_dra.fire_dragon_egg_summoner.spawn_stuff": {
			"animation_length": 0.5,
			"loop": false,
			"timeline": {
				"0.0": ["/execute align xyz positioned ~0.5 ~ ~0.5 unless block ~ ~2 ~ air unless block ~ ~3 ~ air unless block ~ ~4 ~ air unless block ~ ~5 ~ air unless block ~ ~6 ~ air unless block ~ ~7 ~ air unless block ~ ~8 ~ air unless block ~ ~9 ~ air unless block ~ ~10 ~ air run event entity @s despawn", "/execute at @s[tag=!shapescape_dra_spawned_from_feature] if entity @e[family=shapescape_dra_egg_summoner, r=128, rm=2] run event entity @s despawn", "/execute as @s[has_property={shapescape_dra:dragon=\"cave\"}] run tag @s add shapescape_dra_CAVE_DRAGON"],
				"0.2": ["/execute align xyz positioned ~0.5 ~ ~0.5 run setblock ~ ~ ~ shapescape_dra:nest", "/execute align xyz positioned ~0.5 ~ ~0.5 run summon shapescape_dra:fire_dragon_egg ~ ~0.5 ~ 0 0 wait_for_transformation", "/execute as @s[tag=!shapescape_dra_CAVE_DRAGON] run summon shapescape_dra:fire_2_wild ~ ~20 ~ 0 0", "/execute as @s[tag=shapescape_dra_CAVE_DRAGON] run summon shapescape_dra:fire_2_wild ~ ~ ~ 0 0", "/execute as @s[tag=shapescape_dra_CAVE_DRAGON] at @s run tp @e[type=shapescape_dra:fire_2_wild,c=1,r=2] ~ ~5 ~-3 45 0"],
				"0.3": ["@s wait_for_despawn"]
			}
		},
		"animation.shapescape_dra.fire_dragon_egg_summoner.spawn_just_egg": {
			"animation_length": 0.5,
			"loop": false,
			"timeline": {
				"0.0": ["/execute if block ~ ~ ~ minecraft:air align xyz positioned ~0.5 ~ ~0.5 run summon shapescape_dra:fire_dragon_egg ~ ~ ~ 0 0 wait_for_transformation", "/execute unless block ~ ~ ~ minecraft:air align xyz positioned ~0.5 ~0.5 ~0.5 run summon shapescape_dra:fire_dragon_egg ~ ~ ~ 0 0 wait_for_transformation"],
				"0.2": ["@s despawn"]
			}
		},
		"animation.shapescape_dra.ice_dragon_egg_summoner.spawn_stuff": {
			"animation_length": 0.5,
			"loop": false,
			"timeline": {
				"0.0": ["/execute align xyz positioned ~0.5 ~ ~0.5 unless block ~ ~2 ~ air unless block ~ ~3 ~ air unless block ~ ~4 ~ air unless block ~ ~5 ~ air unless block ~ ~6 ~ air unless block ~ ~7 ~ air unless block ~ ~8 ~ air unless block ~ ~9 ~ air unless block ~ ~10 ~ air run event entity @s despawn", "/execute at @s[tag=!shapescape_dra_spawned_from_feature] if entity @e[family=shapescape_dra_egg_summoner, r=128, rm=2] run event entity @s despawn", "/execute as @s[has_property={shapescape_dra:dragon=\"cave\"}] run tag @s add shapescape_dra_CAVE_DRAGON"],
				"0.2": ["/execute align xyz positioned ~0.5 ~ ~0.5 run setblock ~ ~ ~ shapescape_dra:nest", "/execute align xyz positioned ~0.5 ~ ~0.5 run summon shapescape_dra:ice_dragon_egg ~ ~0.5 ~ 0 0 wait_for_transformation", "/execute as @s[tag=!shapescape_dra_CAVE_DRAGON] run summon shapescape_dra:ice_2_wild ~ ~20 ~ 0 0", "/execute as @s[tag=shapescape_dra_CAVE_DRAGON] run summon shapescape_dra:ice_2_wild ~ ~ ~ 0 0", "/execute as @s[tag=shapescape_dra_CAVE_DRAGON] at @s run tp @e[type=shapescape_dra:ice_2_wild,c=1,r=2] ~ ~5 ~-3 45 0"],
				"0.3": ["@s wait_for_despawn"]
			}
		},
		"animation.shapescape_dra.ice_dragon_egg_summoner.spawn_just_egg": {
			"animation_length": 0.5,
			"loop": false,
			"timeline": {
				"0.0": ["/execute if block ~ ~ ~ minecraft:air align xyz positioned ~0.5 ~ ~0.5 run summon shapescape_dra:ice_dragon_egg ~ ~ ~ 0 0 wait_for_transformation", "/execute unless block ~ ~ ~ minecraft:air align xyz positioned ~0.5 ~0.5 ~0.5 run summon shapescape_dra:ice_dragon_egg ~ ~ ~ 0 0 wait_for_transformation"],
				"0.2": ["@s despawn"]
			}
		},
		"animation.shapescape_dra.poison_dragon_egg_summoner.spawn_stuff": {
			"animation_length": 0.5,
			"loop": false,
			"timeline": {
				"0.0": ["/execute align xyz positioned ~0.5 ~ ~0.5 unless block ~ ~2 ~ air unless block ~ ~3 ~ air unless block ~ ~4 ~ air unless block ~ ~5 ~ air unless block ~ ~6 ~ air unless block ~ ~7 ~ air unless block ~ ~8 ~ air unless block ~ ~9 ~ air unless block ~ ~10 ~ air run event entity @s despawn", "/execute at @s[tag=!shapescape_dra_spawned_from_feature] if entity @e[family=shapescape_dra_egg_summoner, r=128, rm=2] run event entity @s despawn", "/execute as @s[has_property={shapescape_dra:dragon=\"cave\"}] run tag @s add shapescape_dra_CAVE_DRAGON"],
				"0.2": ["/execute align xyz positioned ~0.5 ~ ~0.5 run setblock ~ ~ ~ shapescape_dra:nest", "/execute align xyz positioned ~0.5 ~ ~0.5 run summon shapescape_dra:poison_dragon_egg ~ ~0.5 ~ 0 0 wait_for_transformation", "/execute as @s[tag=!shapescape_dra_CAVE_DRAGON] run summon shapescape_dra:poison_2_wild ~ ~20 ~ 0 0", "/execute as @s[tag=shapescape_dra_CAVE_DRAGON] run summon shapescape_dra:poison_2_wild ~ ~ ~ 0 0", "/execute as @s[tag=shapescape_dra_CAVE_DRAGON] at @s run tp @e[type=shapescape_dra:poison_2_wild,c=1,r=2] ~ ~5 ~-3 45 0"],
				"0.3": ["@s wait_for_despawn"]
			}
		},
		"animation.shapescape_dra.poison_dragon_egg_summoner.spawn_just_egg": {
			"animation_length": 0.5,
			"loop": false,
			"timeline": {
				"0.0": ["/execute if block ~ ~ ~ minecraft:air align xyz positioned ~0.5 ~ ~0.5 run summon shapescape_dra:poison_dragon_egg ~ ~ ~ 0 0 wait_for_transformation", "/execute unless block ~ ~ ~ minecraft:air align xyz positioned ~0.5 ~0.5 ~0.5 run summon shapescape_dra:poison_dragon_egg ~ ~ ~ 0 0 wait_for_transformation"],
				"0.2": ["@s despawn"]
			}
		},
		"animation.shapescape_dra.thunder_dragon_egg_summoner.spawn_stuff": {
			"animation_length": 0.5,
			"loop": false,
			"timeline": {
				"0.0": ["/execute align xyz positioned ~0.5 ~ ~0.5 unless block ~ ~2 ~ air unless block ~ ~3 ~ air unless block ~ ~4 ~ air unless block ~ ~5 ~ air unless block ~ ~6 ~ air unless block ~ ~7 ~ air unless block ~ ~8 ~ air unless block ~ ~9 ~ air unless block ~ ~10 ~ air run event entity @s despawn", "/execute at @s[tag=!shapescape_dra_spawned_from_feature] if entity @e[family=shapescape_dra_egg_summoner, r=128, rm=2] run event entity @s despawn", "/execute as @s[has_property={shapescape_dra:dragon=\"cave\"}] run tag @s add shapescape_dra_CAVE_DRAGON"],
				"0.2": ["/execute align xyz positioned ~0.5 ~ ~0.5 run setblock ~ ~ ~ shapescape_dra:nest", "/execute align xyz positioned ~0.5 ~ ~0.5 run summon shapescape_dra:thunder_dragon_egg ~ ~0.5 ~ 0 0 wait_for_transformation", "/execute as @s[tag=!shapescape_dra_CAVE_DRAGON] run summon shapescape_dra:thunder_2_wild ~ ~20 ~ 0 0", "/execute as @s[tag=shapescape_dra_CAVE_DRAGON] run summon shapescape_dra:thunder_2_wild ~ ~ ~ 0 0", "/execute as @s[tag=shapescape_dra_CAVE_DRAGON] at @s run tp @e[type=shapescape_dra:thunder_2_wild,c=1,r=2] ~ ~5 ~-3 45 0"],
				"0.3": ["@s wait_for_despawn"]
			}
		},
		"animation.shapescape_dra.thunder_dragon_egg_summoner.spawn_just_egg": {
			"animation_length": 0.5,
			"loop": false,
			"timeline": {
				"0.0": ["/execute if block ~ ~ ~ minecraft:air align xyz positioned ~0.5 ~ ~0.5 run summon shapescape_dra:thunder_dragon_egg ~ ~ ~ 0 0 wait_for_transformation", "/execute unless block ~ ~ ~ minecraft:air align xyz positioned ~0.5 ~0.5 ~0.5 run summon shapescape_dra:thunder_dragon_egg ~ ~ ~ 0 0 wait_for_transformation"],
				"0.2": ["@s despawn"]
			}
		}
	}
}