{
	"format_version": "1.20.0",
	"minecraft:entity": {
		"description": {
			"is_spawnable": true,
			"properties": {
				"shapescape_dra:cave_dragon_state": {
					"default": "sleep_on_guard",
					"client_sync": true,
					"type": "enum",
					"values": [
						"sleep_on_guard",
						"wake_up_and_scream",
						"attack_behavior"
					]
				},
				"shapescape_dra:damage": {
					"type": "bool",
					"client_sync": true,
					"default": true
				},
				"shapescape_dra:scale_variant": {
					"type": "float",
					"client_sync": true,
					"default": 1.000001,
					"range": [
						0.95,
						1.05
					]
				},
				"shapescape_dra:shade_variant": {
					"type": "float",
					"client_sync": true,
					"default": 1.000001,
					"range": [
						0.8,
						1.2
					]
				},
				"shapescape_dra:shiny": {
					"type": "bool",
					"client_sync": true,
					"default": false
				}
			},
			"identifier": "shapescape_dra:cave_3_wild",
			"is_summonable": true,
			"is_experimental": false,
			"scripts": {
				"animate": [
					"ac.save_dragon",
					"ac.unsave_dragon",
					"ac.death",
					"ac.transform",
					"ac.flying_speed",
					"ac.equip_saddle",
					"ac.scale_variant",
					"ac.shade_variant",
					"ac.shiny"
				]
			},
			"animations": {
				"ac.save_dragon": "controller.animation.shapescape_dra.cave_3_wild.save_dragon",
				"ac.unsave_dragon": "controller.animation.shapescape_dra.cave_3_wild.unsave_dragon",
				"ac.death": "controller.animation.shapescape_dra.cave_3_wild.death",
				"ac.transform": "controller.animation.shapescape_dra.cave_3_wild.transform",
				"ac.flying_speed": "controller.animation.shapescape_dra.cave_3_wild.flying_speed",
				"ac.equip_saddle": "controller.animation.shapescape_dra.cave_3_wild.equip_saddle",
				"ac.scale_variant": "controller.animation.shapescape_dra.cave_3_wild.scale_variant",
				"ac.shade_variant": "controller.animation.shapescape_dra.cave_3_wild.shade_variant",
				"ac.shiny": "controller.animation.shapescape_dra.dragon.shiny"
			}
		},
		"component_groups": {
			"sleep_on_guard": {
				"minecraft:body_rotation_blocked": {}
			},
			"attack_behavior": {
				"minecraft:timer": {
					"time": [
						10,
						20
					],
					"looping": true,
					"time_down_event": {
						"filters": [
							{
								"all_of": [
									{
										"test": "has_target",
										"subject": "self",
										"value": true
									},
									{
										"test": "is_family",
										"subject": "target",
										"value": "player"
									},
									{
										"test": "target_distance",
										"subject": "target",
										"operator": "<",
										"value": 10
									}
								]
							}
						],
						"event": "wake_up_and_scream",
						"target": "self"
					}
				},
				"minecraft:behavior.random_stroll": {
					"priority": 8
				},
				"minecraft:behavior.delayed_attack": {
					"priority": 4,
					"attack_once": false,
					"track_target": true,
					"require_complete_path": false,
					"random_stop_interval": 0,
					"reach_multiplier": 2.25,
					"speed_multiplier": 1.75,
					"attack_duration": 1.0,
					"hit_delay_pct": 0.4
				}
			},
			"despawn": {
				"minecraft:instant_despawn": {}
			},
			"normal": {
				"minecraft:skin_id": {
					"value": 1
				}
			},
			"shiny": {
				"minecraft:skin_id": {
					"value": 2
				}
			},
			"collision_box": {
				"minecraft:collision_box": {
					"width": 2.5,
					"height": 3.1
				}
			},
			"no_collision_box": {
				"minecraft:collision_box": {
					"width": 0.0,
					"height": 0.0
				}
			},
			"transform": {
				"minecraft:transformation": {
					"into": "shapescape_dra:cave_3_wild",
					"delay": 5,
					"drop_equipment": false,
					"drop_inventory": false,
					"keep_level": true,
					"keep_owner": true,
					"preserve_equipment": true
				},
				"minecraft:rideable": {
					"seat_count": 1,
					"controlling_seat": 0,
					"family_types": [
						""
					],
					"rider_can_interact": false,
					"interact_text": "action.interact.mount",
					"seats": [
						{
							"position": [
								0,
								0,
								0
							]
						}
					]
				}
			},
			"move": {
				"minecraft:behavior.look_at_player": {
					"priority": 6,
					"target_distance": 6.0,
					"probability": 1
				},
				"minecraft:underwater_movement": {
					"value": 0.15,
					"max": 0.15
				},
				"minecraft:movement": {
					"value": 0.2,
					"max": 0.2
				}
			},
			"not_move": {
				"minecraft:movement": {
					"value": 0.0,
					"max": 0.0
				}
			},
			"death": {
				"minecraft:physics": {
					"has_gravity": false
				},
				"minecraft:is_sheared": {}
			}
		},
		"components": {
			"minecraft:home": {
				"restriction_radius": 15,
				"restriction_type": "random_movement"
			},
			"minecraft:movement.generic": {},
			"minecraft:navigation.generic": {},
			"minecraft:pushable": {
				"is_pushable": false,
				"is_pushable_by_piston": false
			},
			"minecraft:behavior.nearest_prioritized_attackable_target": {
				"priority": 0,
				"must_see": false,
				"reselect_targets": true,
				"within_radius": 32,
				"entity_types": [
					{
						"filters": {
							"any_of": [
								{
									"test": "is_family",
									"subject": "other",
									"value": "player"
								},
								{
									"test": "is_family",
									"subject": "other",
									"value": "shapescape_dra_dragon_hunter"
								}
							]
						},
						"max_dist": 32
					}
				]
			},
			"minecraft:behavior.nearest_attackable_target": {
				"priority": 1,
				"within_radius": 64,
				"must_see": false,
				"reselect_targets": true,
				"entity_types": [
					{
						"filters": {
							"all_of": [
								{
									"test": "is_family",
									"subject": "other",
									"value": "dragon_egg"
								},
								{
									"test": "is_family",
									"subject": "other",
									"value": "cave_dragon"
								}
							]
						},
						"max_dist": 64
					}
				]
			},
			"minecraft:behavior.float": {
				"priority": 10
			},
			"minecraft:follow_range": {
				"max": 64,
				"value": 64
			},
			"minecraft:physics": {
				"has_gravity": true
			},
			"minecraft:knockback_resistance": {
				"value": 100,
				"max": 100
			},
			"minecraft:environment_sensor": {
				"triggers": [
					{
						"filters": {
							"all_of": [
								{
									"test": "actor_health",
									"subject": "self",
									"operator": ">",
									"value": 1
								},
								{
									"test": "enum_property",
									"subject": "self",
									"operator": "==",
									"domain": "shapescape_dra:cave_dragon_state",
									"value": "sleep_on_guard"
								},
								{
									"test": "target_distance",
									"operator": "<",
									"value": 8
								},
								{
									"test": "is_family",
									"subject": "target",
									"operator": "!=",
									"value": "dragon_egg"
								},
								{
									"test": "is_sneak_held",
									"subject": "target",
									"value": false
								},
								{
									"test": "is_moving",
									"subject": "target",
									"value": true
								}
							]
						},
						"event": "wake_up_and_scream"
					},
					{
						"filters": {
							"all_of": [
								{
									"test": "actor_health",
									"subject": "self",
									"operator": ">",
									"value": 1
								},
								{
									"test": "enum_property",
									"subject": "self",
									"operator": "==",
									"domain": "shapescape_dra:cave_dragon_state",
									"value": "sleep_on_guard"
								},
								{
									"test": "has_target",
									"subject": "self",
									"value": false
								}
							]
						},
						"event": "attack_behavior"
					},
					{
						"filters": {
							"all_of": [
								{
									"test": "actor_health",
									"subject": "self",
									"operator": ">",
									"value": 1
								},
								{
									"test": "enum_property",
									"subject": "self",
									"operator": "==",
									"domain": "shapescape_dra:cave_dragon_state",
									"value": "attack_behavior"
								},
								{
									"test": "is_family",
									"subject": "target",
									"value": "dragon_egg"
								},
								{
									"test": "target_distance",
									"operator": "<",
									"value": 5
								}
							]
						},
						"event": "sleep_on_guard"
					}
				]
			},
			"minecraft:tameable": {
				"probability": 1,
				"tame_items": [
					"shapescape_dra:null"
				],
				"tame_event": {
					"event": "shapescape_dra:null",
					"target": "self"
				}
			},
			"minecraft:behavior.random_stroll": {
				"priority": 8,
				"speed_multiplier": 1.0,
				"interval": 80
			},
			"minecraft:damage_sensor": {
				"triggers": [
					{
						"cause": "fall",
						"deals_damage": false
					},
					{
						"cause": "fire",
						"deals_damage": false
					},
					{
						"cause": "fire_tick",
						"deals_damage": false
					},
					{
						"on_damage": {
							"filters": {
								"all_of": [
									{
										"test": "bool_property",
										"subject": "self",
										"domain": "shapescape_dra:damage",
										"operator": "==",
										"value": false
									}
								]
							}
						},
						"deals_damage": false
					}
				]
			},
			"minecraft:variable_max_auto_step": {
				"base_value": 1.5,
				"controlled_value": 1.5
			},
			"minecraft:attack": {
				"damage": 20
			},
			"minecraft:health": {
				"value": 150,
				"max": 150,
				"min": 1
			},
			"minecraft:jump.static": {},
			"minecraft:behavior.hurt_by_target": {
				"priority": 2
			},
			"minecraft:type_family": {
				"family": [
					"shapescape_dra_mob",
					"shapescape_dra_creature",
					"shapescape_dra_dragon",
					"shapescape_dra_big",
					"shapescape_dra_head_dropper"
				]
			},
			"minecraft:breathable": {
				"total_supply": 15,
				"suffocate_time": 0
			},
			"minecraft:nameable": {
				"allow_name_tag_renaming": true,
				"always_show": false
			}
		},
		"events": {
			"minecraft:entity_spawned": {
				"add": {
					"component_groups": [
						"sleep_on_guard",
						"move",
						"collision_box"
					]
				},
				"trigger": "not_move",
				"set_property": {
					"shapescape_dra:damage": true
				}
			},
			"sleep_on_guard": {
				"set_property": {
					"shapescape_dra:cave_dragon_state": "sleep_on_guard"
				},
				"add": {
					"component_groups": [
						"sleep_on_guard"
					]
				},
				"remove": {
					"component_groups": [
						"attack_behavior"
					]
				},
				"trigger": "not_move"
			},
			"wake_up_and_scream": {
				"set_property": {
					"shapescape_dra:cave_dragon_state": "wake_up_and_scream"
				},
				"trigger": "not_move",
				"queue_command": {
					"command": [
						"scriptevent shapescape_dra:cave_2_wild wake_up_and_scream"
					]
				},
				"remove": {
					"component_groups": [
						"attack_behavior",
						"sleep_on_guard"
					]
				}
			},
			"attack_behavior": {
				"set_property": {
					"shapescape_dra:cave_dragon_state": "attack_behavior"
				},
				"add": {
					"component_groups": [
						"attack_behavior"
					]
				},
				"remove": {
					"component_groups": [
						"sleep_on_guard"
					]
				},
				"trigger": "move"
			},
			"scale_variant": {
				"sequence": [
					{
						"randomize": [
							{
								"weight": 1,
								"set_property": {
									"shapescape_dra:scale_variant": 0.95
								}
							},
							{
								"weight": 1,
								"set_property": {
									"shapescape_dra:scale_variant": 1
								}
							},
							{
								"weight": 1,
								"set_property": {
									"shapescape_dra:scale_variant": 1.05
								}
							}
						]
					}
				]
			},
			"shade_variant": {
				"sequence": [
					{
						"randomize": [
							{
								"weight": 1,
								"set_property": {
									"shapescape_dra:shade_variant": 0.8
								}
							},
							{
								"weight": 1,
								"set_property": {
									"shapescape_dra:shade_variant": 1
								}
							},
							{
								"weight": 1,
								"set_property": {
									"shapescape_dra:shade_variant": 1.2
								}
							}
						]
					}
				]
			},
			"despawn": {
				"add": {
					"component_groups": [
						"despawn"
					]
				}
			},
			"damage_true": {
				"set_property": {
					"shapescape_dra:damage": true
				}
			},
			"damage_false": {
				"set_property": {
					"shapescape_dra:damage": false
				}
			},
			"move": {
				"add": {
					"component_groups": [
						"move"
					]
				},
				"remove": {
					"component_groups": [
						"not_move"
					]
				}
			},
			"not_move": {
				"add": {
					"component_groups": [
						"not_move"
					]
				},
				"remove": {
					"component_groups": [
						"move"
					]
				}
			},
			"collision_box": {
				"add": {
					"component_groups": [
						"collision_box"
					]
				},
				"remove": {
					"component_groups": [
						"no_collision_box"
					]
				}
			},
			"no_collision_box": {
				"add": {
					"component_groups": [
						"no_collision_box"
					]
				},
				"remove": {
					"component_groups": [
						"collision_box"
					]
				}
			},
			"death": {
				"add": {
					"component_groups": [
						"not_move",
						"death"
					]
				},
				"remove": {
					"component_groups": [
						"move"
					]
				},
				"set_property": {
					"shapescape_dra:damage": true
				}
			},
			"transform": {
				"add": {
					"component_groups": [
						"not_move",
						"transform"
					]
				},
				"remove": {
					"component_groups": [
						"move"
					]
				},
				"set_property": {
					"shapescape_dra:damage": false
				}
			},
			"minecraft:entity_transformed": {
				"sequence": [
					{
						"filters": {
							"test": "float_property",
							"subject": "other",
							"domain": "shapescape_dra:scale_variant",
							"operator": "==",
							"value": 0.95
						},
						"set_property": {
							"shapescape_dra:scale_variant": 0.95
						}
					},
					{
						"filters": {
							"test": "float_property",
							"subject": "other",
							"domain": "shapescape_dra:scale_variant",
							"operator": "==",
							"value": 1.0
						},
						"set_property": {
							"shapescape_dra:scale_variant": 1.0
						}
					},
					{
						"filters": {
							"test": "float_property",
							"subject": "other",
							"domain": "shapescape_dra:scale_variant",
							"operator": "==",
							"value": 1.05
						},
						"set_property": {
							"shapescape_dra:scale_variant": 1.05
						}
					},
					{
						"filters": {
							"test": "float_property",
							"subject": "other",
							"domain": "shapescape_dra:shade_variant",
							"operator": "==",
							"value": 0.8
						},
						"set_property": {
							"shapescape_dra:shade_variant": 0.8
						}
					},
					{
						"filters": {
							"test": "float_property",
							"subject": "other",
							"domain": "shapescape_dra:shade_variant",
							"operator": "==",
							"value": 1.0
						},
						"set_property": {
							"shapescape_dra:shade_variant": 1.0
						}
					},
					{
						"filters": {
							"test": "float_property",
							"subject": "other",
							"domain": "shapescape_dra:shade_variant",
							"operator": "==",
							"value": 1.2
						},
						"set_property": {
							"shapescape_dra:shade_variant": 1.2
						}
					},
					{
						"add": {
							"component_groups": [
								"collision_box"
							]
						}
					},
					{
						"filters": {
							"test": "is_skin_id",
							"subject": "other",
							"value": 0
						},
						"trigger": "select_rarity"
					},
					{
						"filters": {
							"test": "is_skin_id",
							"subject": "other",
							"value": 1
						},
						"add": {
							"component_groups": [
								"normal"
							]
						}
					},
					{
						"filters": {
							"test": "is_skin_id",
							"subject": "other",
							"value": 2
						},
						"add": {
							"component_groups": [
								"shiny"
							]
						}
					},
					{
						"filters": {
							"test": "has_component",
							"operator": "==",
							"subject": "other",
							"value": "minecraft:is_saddled"
						},
						"add": {
							"component_groups": [
								"is_saddled"
							]
						}
					},
					{
						"filters": {
							"test": "is_mark_variant",
							"operator": "==",
							"subject": "other",
							"value": 0
						},
						"add": {
							"component_groups": [
								"pattern_0"
							]
						}
					},
					{
						"filters": {
							"test": "is_mark_variant",
							"operator": "==",
							"subject": "other",
							"value": 1
						},
						"add": {
							"component_groups": [
								"pattern_1"
							]
						}
					},
					{
						"filters": {
							"test": "is_mark_variant",
							"operator": "==",
							"subject": "other",
							"value": 2
						},
						"add": {
							"component_groups": [
								"pattern_2"
							]
						}
					},
					{
						"filters": {
							"test": "is_mark_variant",
							"operator": "==",
							"subject": "other",
							"value": 3
						},
						"add": {
							"component_groups": [
								"pattern_3"
							]
						}
					},
					{
						"filters": {
							"test": "is_mark_variant",
							"operator": "==",
							"subject": "other",
							"value": 4
						},
						"add": {
							"component_groups": [
								"pattern_4"
							]
						}
					},
					{
						"filters": {
							"test": "is_mark_variant",
							"operator": "==",
							"subject": "other",
							"value": 5
						},
						"add": {
							"component_groups": [
								"pattern_5"
							]
						}
					},
					{
						"filters": {
							"test": "is_mark_variant",
							"operator": "==",
							"subject": "other",
							"value": 6
						},
						"add": {
							"component_groups": [
								"pattern_6"
							]
						}
					},
					{
						"filters": {
							"test": "is_mark_variant",
							"operator": "==",
							"subject": "other",
							"value": 7
						},
						"add": {
							"component_groups": [
								"pattern_7"
							]
						}
					},
					{
						"filters": {
							"test": "is_mark_variant",
							"operator": "==",
							"subject": "other",
							"value": 8
						},
						"add": {
							"component_groups": [
								"pattern_8"
							]
						}
					},
					{
						"filters": {
							"test": "is_mark_variant",
							"operator": "==",
							"subject": "other",
							"value": 9
						},
						"add": {
							"component_groups": [
								"pattern_9"
							]
						}
					},
					{
						"filters": {
							"test": "is_mark_variant",
							"operator": "==",
							"subject": "other",
							"value": 10
						},
						"add": {
							"component_groups": [
								"pattern_10"
							]
						}
					},
					{
						"filters": {
							"test": "is_mark_variant",
							"operator": "==",
							"subject": "other",
							"value": 11
						},
						"add": {
							"component_groups": [
								"pattern_11"
							]
						}
					},
					{
						"filters": {
							"test": "is_mark_variant",
							"operator": "==",
							"subject": "other",
							"value": 12
						},
						"add": {
							"component_groups": [
								"pattern_12"
							]
						}
					},
					{
						"filters": {
							"test": "is_mark_variant",
							"operator": "==",
							"subject": "other",
							"value": 13
						},
						"add": {
							"component_groups": [
								"pattern_13"
							]
						}
					},
					{
						"filters": {
							"test": "is_mark_variant",
							"operator": "==",
							"subject": "other",
							"value": 14
						},
						"add": {
							"component_groups": [
								"pattern_14"
							]
						}
					},
					{
						"filters": {
							"test": "is_mark_variant",
							"operator": "==",
							"subject": "other",
							"value": 15
						},
						"add": {
							"component_groups": [
								"pattern_15"
							]
						}
					},
					{
						"filters": {
							"test": "is_mark_variant",
							"operator": "==",
							"subject": "other",
							"value": 16
						},
						"add": {
							"component_groups": [
								"pattern_16"
							]
						}
					},
					{
						"trigger": "minecraft:entity_spawned"
					}
				]
			},
			"normal": {
				"remove": {
					"component_groups": [
						"shiny"
					]
				},
				"add": {
					"component_groups": [
						"normal"
					]
				},
				"set_property": {
					"shapescape_dra:shiny": false
				}
			},
			"shiny": {
				"remove": {
					"component_groups": [
						"normal"
					]
				},
				"add": {
					"component_groups": [
						"shiny"
					]
				},
				"set_property": {
					"shapescape_dra:shiny": true
				}
			},
			"select_rarity": {
				"randomize": [
					{
						"weight": 95,
						"add": {
							"component_groups": [
								"normal"
							]
						},
						"set_property": {
							"shapescape_dra:shiny": false
						}
					},
					{
						"weight": 5,
						"add": {
							"component_groups": [
								"shiny"
							]
						},
						"set_property": {
							"shapescape_dra:shiny": true
						}
					}
				]
			}
		}
	}
}