{
	"format_version": "1.21.0",
	"minecraft:entity": {
		"description": {
			"identifier": "shapescape_dra:cave_dragon_ultimate",
			"is_spawnable": false,
			"is_summonable": true,
			"player_facing": true,
			"properties": {
				"shapescape_dra:rotation_x": {
					"client_sync": true,
					"type": "float",
					"default": 0.0,
					"range": [
						-360.0,
						360.0
					]
				},
				"shapescape_dra:rotation_y": {
					"client_sync": true,
					"type": "float",
					"default": 0.0,
					"range": [
						-360.0,
						360.0
					]
				}
			}
		},
		"component_groups": {
			"shapescape_dra:despawn": {
				"minecraft:instant_despawn": {}
			}
		},
		"components": {
			"minecraft:fire_immune": {},
			"minecraft:timer": {
				"time": 1,
				"looping": true,
				"time_down_event": {
					"event": "shapescape_dra:despawn",
					"target": "self"
				}
			},
			"minecraft:type_family": {
				"family": [
					"cave_dragon_ultimate"
				]
			},
			"minecraft:physics": {
				"has_collision": true,
				"has_gravity": true
			},
			"minecraft:health": {
				"value": 1,
				"max": 1,
				"min": 1
			},
			"minecraft:damage_sensor": {
				"triggers": [
					{
						"cause": "all",
						"deals_damage": "no"
					}
				]
			},
			"minecraft:collision_box": {
				"height": 0,
				"width": 0
			},
			"minecraft:movement": {
				"value": 0,
				"max": 0
			},
			"minecraft:navigation.generic": {},
			"minecraft:movement.generic": {}
		},
		"events": {
			"shapescape_dra:despawn": {
				"add": {
					"component_groups": [
						"shapescape_dra:despawn"
					]
				}
			}
		}
	}
}