{
	"format_version": "1.17.0",
	"minecraft:entity": {
		"description": {
			"identifier": "shapescape_dra:crystal_2_wild_proj",
			"is_spawnable": false,
			"is_summonable": true,
			"is_experimental": false
		},
		"component_groups": {
			"despawn": {
				"minecraft:instant_despawn": {}
			},
			"explode": {
				"minecraft:is_baby": {},
				"minecraft:explode": {
					"fuse_length": 0.1,
					"fuse_lit": true,
					"destroy_affected_by_griefing": true,
					"fire_affected_by_griefing": true,
					"power": 1,
					"breaks_blocks": false
				},
				"minecraft:timer": {
					"looping": false,
					"time": 2,
					"time_down_event": {
						"event": "despawn",
						"target": "self"
					}
				}
			}
		},
		"components": {
			"minecraft:collision_box": {
				"width": 0.1,
				"height": 0.1
			},
			"minecraft:projectile": {
				"on_hit": {
					"impact_damage": {
						"damage": 5,
						"knockback": false
					},
					"definition_event": {
						"event_trigger": {
							"event": "explode",
							"target": "self"
						}
					}
				},
				"power": 1.6,
				"gravity": 0.0,
				"uncertainty_base": 0,
				"uncertainty_multiplier": 0,
				"inertia": 1.0,
				"offset": [
					0,
					1.15,
					1.4
				]
			},
			"minecraft:timer": {
				"looping": false,
				"time": 1.25,
				"time_down_event": {
					"event": "despawn",
					"target": "self"
				}
			},
			"minecraft:environment_sensor": {
				"triggers": [
					{
						"filters": {
							"test": "on_ground",
							"subject": "self",
							"operator": "==",
							"value": true
						},
						"event": "explode",
						"target": "self"
					},
					{
						"filters": {
							"test": "in_water",
							"subject": "self",
							"operator": "==",
							"value": true
						},
						"event": "explode",
						"target": "self"
					}
				]
			},
			"minecraft:damage_sensor": {
				"triggers": [
					{
						"cause": "all",
						"deals_damage": false
					}
				]
			},
			"minecraft:physics": {
				"has_gravity": false
			},
			"minecraft:pushable": {
				"is_pushable": false,
				"is_pushable_by_piston": false
			},
			"minecraft:conditional_bandwidth_optimization": {
				"default_values": {
					"max_optimized_distance": 80.0,
					"max_dropped_ticks": 7,
					"use_motion_prediction_hints": true
				}
			}
		},
		"events": {
			"despawn": {
				"add": {
					"component_groups": [
						"despawn"
					]
				}
			},
			"explode": {
				"sequence": [
					{
						"filters": {
							"all_of": [
								{
									"test": "has_component",
									"subject": "self",
									"operator": "!=",
									"value": "minecraft:is_baby"
								}
							]
						},
						"add": {
							"component_groups": [
								"explode"
							]
						}
					}
				]
			}
		}
	}
}