{
	"format_version": "1.20.0",
	"minecraft:entity": {
		"description": {
			"identifier": "shapescape_dra:crystal_3_tamed_scavenging_dropper",
			"is_spawnable": false,
			"is_summonable": true,
			"is_experimental": false,
			"scripts": {
				"animate": [
					"ac.particle",
					"ac.drop"
				]
			},
			"animations": {
				"ac.particle": "controller.animation.shapescape_dra.crystal_3_tamed.particle",
				"ac.drop": "controller.animation.shapescape_dra.crystal_3_tamed.drop"
			},
			"properties": {
				"shapescape_dra:scavenging_type": {
					"default": "none",
					"client_sync": true,
					"type": "enum",
					"values": [
						"none",
						"meat",
						"wood",
						"ore",
						"mob"
					]
				}
			}
		},
		"component_groups": {
			"despawn": {
				"minecraft:instant_despawn": {}
			},
			"drop": {
				"minecraft:is_baby": {}
			}
		},
		"components": {
			"minecraft:damage_sensor": {
				"triggers": [
					{
						"cause": "all",
						"deals_damage": false
					}
				]
			},
			"minecraft:environment_sensor": {
				"triggers": [
					{
						"filters": {
							"test": "distance_to_nearest_player",
							"operator": "<",
							"value": 10
						},
						"event": "drop",
						"target": "self"
					}
				]
			},
			"minecraft:health": {
				"value": 1,
				"max": 1,
				"min": 1
			},
			"minecraft:collision_box": {
				"width": 0.0,
				"height": 0.0
			},
			"minecraft:movement": {
				"value": 0.0
			},
			"minecraft:navigation.generic": {},
			"minecraft:movement.generic": {},
			"minecraft:nameable": {},
			"minecraft:knockback_resistance": {
				"value": 100
			},
			"minecraft:push_through": {
				"value": 0
			},
			"minecraft:pushable": {
				"is_pushable": false,
				"is_pushable_by_piston": false
			},
			"minecraft:physics": {},
			"minecraft:conditional_bandwidth_optimization": {}
		},
		"events": {
			"despawn": {
				"add": {
					"component_groups": [
						"despawn"
					]
				}
			},
			"drop": {
				"add": {
					"component_groups": [
						"drop"
					]
				}
			},
			"scavenging_type_none": {
				"set_property": {
					"shapescape_dra:scavenging_type": "none"
				}
			},
			"scavenging_type_meat": {
				"set_property": {
					"shapescape_dra:scavenging_type": "meat"
				}
			},
			"scavenging_type_wood": {
				"set_property": {
					"shapescape_dra:scavenging_type": "wood"
				}
			},
			"scavenging_type_ore": {
				"set_property": {
					"shapescape_dra:scavenging_type": "ore"
				}
			},
			"scavenging_type_mob": {
				"set_property": {
					"shapescape_dra:scavenging_type": "mob"
				}
			}
		}
	}
}