{
	"format_version": "1.17.0",
	"minecraft:entity": {
		"description": {
			"identifier": "shapescape_dra:crystal_dragon_head",
			"is_spawnable": false,
			"is_summonable": true,
			"is_experimental": false,
			"animations": {
				"on_despawn": "controller.animation.shapescape_dra.crystal_dragon.on_despawn"
			},
			"scripts": {
				"animate": [
					"on_despawn"
				]
			}
		},
		"component_groups": {
			"on_despawn": {
				"minecraft:is_stunned": {}
			},
			"despawn": {
				"minecraft:instant_despawn": {}
			}
		},
		"components": {
			"minecraft:scale": {
				"value": 1
			},
			"minecraft:type_family": {
				"family": [
					"shapescape_dra_crystal_dragon_head",
					"shapescape_dra_head",
					"inanimate"
				]
			},
			"minecraft:collision_box": {
				"height": 0.8,
				"width": 0.0
			},
			"minecraft:custom_hit_test": {
				"hitboxes": [
					{
						"width": 1,
						"height": 1,
						"pivot": [
							0,
							0.5,
							0
						]
					}
				]
			},
			"minecraft:health": {
				"max": 1000,
				"value": 1000,
				"min": 1
			},
			"minecraft:damage_sensor": {
				"triggers": [
					{
						"cause": "entity_attack",
						"deals_damage": false,
						"on_damage": {
							"filters": {
								"test": "is_family",
								"subject": "other",
								"value": "player"
							},
							"target": "self",
							"event": "on_despawn"
						}
					},
					{
						"cause": "all",
						"deals_damage": false
					}
				]
			},
			"minecraft:interact": {
				"interactions": [
					{
						"on_interact": {
							"target": "self",
							"event": "on_despawn"
						},
						"swing": true
					}
				]
			},
			"minecraft:movement": {
				"value": 0.0
			},
			"minecraft:pushable": {
				"is_pushable": false,
				"is_pushable_by_piston": false
			},
			"minecraft:knockback_resistance": {
				"max": 1000,
				"value": 1000
			},
			"minecraft:push_through": {
				"value": 0
			},
			"minecraft:physics": {},
			"minecraft:conditional_bandwidth_optimization": {}
		},
		"events": {
			"on_despawn": {
				"add": {
					"component_groups": [
						"on_despawn"
					]
				}
			},
			"despawn": {
				"add": {
					"component_groups": [
						"despawn"
					]
				}
			}
		}
	}
}