{
	"format_version": "1.20.0",
	"minecraft:entity": {
		"description": {
			"identifier": "shapescape_dra:crystal_dragon_egg",
			"is_spawnable": false,
			"is_summonable": true,
			"is_experimental": false,
			"scripts": {
				"animate": [
					"spawned",
					"trigger_transformation",
					"drop_item",
					"give_player_bucket"
				]
			},
			"animations": {
				"spawned": "controller.animation.shapescape_dra.spawned",
				"trigger_transformation": "controller.animation.shapescape_dra.trigger_transformation",
				"drop_item": "controller.animation.shapescape_dra.crystal_dragon_egg.drop_item",
				"give_player_bucket": "controller.animation.shapescape_dra.give_player_bucket"
			}
		},
		"component_groups": {
			"spawned": {
				"minecraft:variant": {
					"value": 0
				},
				"minecraft:is_baby": {}
			},
			"wait_for_transformation": {
				"minecraft:variant": {
					"value": 1
				},
				"minecraft:tameable": {
					"probability": 1.0,
					"tame_items": [
						"lava_bucket"
					],
					"tame_event": {
						"event": "transform_sequence",
						"target": "self"
					}
				}
			},
			"transform_sequence": {
				"minecraft:variant": {
					"value": 2
				},
				"minecraft:is_tamed": {},
				"minecraft:timer": {
					"time": 4.6,
					"looping": false,
					"time_down_event": {
						"event": "transform_to_baby_dragon",
						"target": "self"
					}
				}
			},
			"transform_to_baby_dragon": {
				"minecraft:variant": {
					"value": 3
				},
				"minecraft:is_tamed": {},
				"minecraft:transformation": {
					"into": "shapescape_dra:crystal_1_tamed",
					"keep_owner": true,
					"transformation_sound": ""
				}
			},
			"drop_self": {
				"minecraft:is_saddled": {}
			},
			"despawn": {
				"minecraft:instant_despawn": {}
			}
		},
		"components": {
			"minecraft:nameable": {
				"allow_name_tag_renaming": true,
				"always_show": false
			},
			"minecraft:physics": {
				"has_collision": true,
				"has_gravity": true
			},
			"minecraft:pushable": {
				"is_pushable": false,
				"is_pushable_by_piston": true
			},
			"minecraft:collision_box": {
				"height": 1.5,
				"width": 0
			},
			"minecraft:custom_hit_test": {
				"hitboxes": [
					{
						"width": 1,
						"height": 1,
						"pivot": [
							0,
							0.5,
							0
						]
					}
				]
			},
			"minecraft:damage_sensor": {
				"triggers": [
					{
						"cause": "all",
						"deals_damage": false,
						"on_damage": {
							"filters": [
								{
									"test": "is_family",
									"value": "player",
									"subject": "other"
								}
							],
							"target": "self",
							"event": "drop_self"
						}
					},
					{
						"cause": "all",
						"deals_damage": false
					}
				]
			},
			"minecraft:type_family": {
				"family": [
					"inanimate",
					"dragon_egg",
					"crystal_dragon"
				]
			},
			"minecraft:fire_immune": {},
			"minecraft:knockback_resistance": {
				"value": 1
			}
		},
		"events": {
			"minecraft:entity_spawned": {
				"add": {
					"component_groups": [
						"spawned"
					]
				},
				"remove": {
					"component_groups": [
						"wait_for_transformation",
						"transform_sequence",
						"transform_to_baby_dragon"
					]
				}
			},
			"wait_for_transformation": {
				"sequence": [
					{
						"remove": {
							"component_groups": [
								"spawned"
							]
						}
					},
					{
						"add": {
							"component_groups": [
								"wait_for_transformation"
							]
						}
					}
				]
			},
			"transform_sequence": {
				"sequence": [
					{
						"remove": {
							"component_groups": [
								"wait_for_transformation"
							]
						}
					},
					{
						"add": {
							"component_groups": [
								"transform_sequence"
							]
						}
					}
				]
			},
			"transform_to_baby_dragon": {
				"add": {
					"component_groups": [
						"transform_to_baby_dragon"
					]
				}
			},
			"drop_self": {
				"add": {
					"component_groups": [
						"drop_self"
					]
				}
			},
			"despawn": {
				"add": {
					"component_groups": [
						"despawn"
					]
				}
			}
		}
	}
}