{
	"format_version": "1.20.0",
	"minecraft:entity": {
		"description": {
			"identifier": "shapescape_dra:crystal_2_wild_breath",
			"is_spawnable": false,
			"is_summonable": true,
			"is_experimental": false
		},
		"component_groups": {
			"despawn": {
				"minecraft:instant_despawn": {}
			}
		},
		"components": {
			"minecraft:collision_box": {
				"width": 0.4,
				"height": 0.4
			},
			"minecraft:projectile": {
				"on_hit": {
					"impact_damage": {
						"damage": 5,
						"knockback": false
					}
				},
				"inertia": 1,
				"multiple_targets": true,
				"power": 1,
				"gravity": 0.0,
				"uncertainty_base": 1,
				"uncertainty_multiplier": 2,
				"offset": [
					0,
					1.15,
					1.4
				]
			},
			"minecraft:timer": {
				"looping": false,
				"time": 1,
				"time_down_event": {
					"event": "despawn",
					"target": "self"
				}
			},
			"minecraft:damage_sensor": {
				"triggers": [
					{
						"cause": "all",
						"deals_damage": false
					}
				]
			},
			"minecraft:physics": {
				"has_gravity": false
			},
			"minecraft:pushable": {
				"is_pushable": false,
				"is_pushable_by_piston": false
			},
			"minecraft:conditional_bandwidth_optimization": {
				"default_values": {
					"max_optimized_distance": 80.0,
					"max_dropped_ticks": 7,
					"use_motion_prediction_hints": true
				}
			}
		},
		"events": {
			"despawn": {
				"add": {
					"component_groups": [
						"despawn"
					]
				}
			}
		}
	}
}