{
	"format_version": "1.21.80",
	"minecraft:entity": {
		"description": {
			"identifier": "shapescape_dra:drag_hunt_spawner_entity",
			"is_spawnable": false,
			"is_summonable": true,
			"player_facing": true
		},
		"component_groups": {
			"shapescape_dra:despawn": {
				"minecraft:instant_despawn": {}
			},
			"shapescape_dra:structure": {
				"minecraft:timer": {
					"time": [
						5,
						10
					],
					"looping": true,
					"time_down_event": {
						"filters": {
							"all_of": [
								{
									"test": "light_level",
									"operator": "<",
									"value": 8
								}
							]
						},
						"event": "shapescape_dra:check_for_summon_structure",
						"target": "self"
					}
				}
			},
			"shapescape_dra:patrol": {
				"minecraft:timer": {
					"time": 1,
					"looping": true,
					"time_down_event": {
						"event": "shapescape_dra:check_for_summon_patrol",
						"target": "self"
					}
				}
			}
		},
		"components": {
			"minecraft:type_family": {
				"family": [
					"drag_hunt_spawner_entity",
					"inanimate",
					"dummy"
				]
			},
			"minecraft:physics": {
				"has_collision": true,
				"has_gravity": true
			},
			"minecraft:pushable": {
				"is_pushable": false,
				"is_pushable_by_piston": false
			},
			"minecraft:damage_sensor": {
				"triggers": [
					{
						"cause": "all",
						"deals_damage": "no"
					}
				]
			},
			"minecraft:knockback_resistance": {
				"value": 100,
				"max": 100
			},
			"minecraft:collision_box": {
				"height": 0,
				"width": 0
			},
			"minecraft:movement": {
				"value": 0,
				"max": 0
			},
			"minecraft:navigation.generic": {},
			"minecraft:movement.generic": {}
		},
		"events": {
			"minecraft:entity_spawned": {
				"add": {
					"component_groups": [
						"shapescape_dra:patrol"
					]
				}
			},
			"shapescape_dra:despawn": {
				"add": {
					"component_groups": [
						"shapescape_dra:despawn"
					]
				}
			},
			"shapescape_dra:check_for_summon_structure": {
				"queue_command": {
					"command": [
						"scriptevent shapescape_dra:drag_hunt_spawner_entity check_for_summon_structure"
					]
				}
			},
			"shapescape_dra:structure": {
				"add": {
					"component_groups": [
						"shapescape_dra:structure"
					]
				},
				"trigger": "shapescape_dra:check_for_summon_structure"
			},
			"shapescape_dra:check_for_summon_patrol": {
				"queue_command": {
					"command": [
						"scriptevent shapescape_dra:drag_hunt_spawner_entity check_for_summon_patrol"
					]
				}
			},
			"shapescape_dra:patrol": {
				"add": {
					"component_groups": [
						"shapescape_dra:patrol"
					]
				}
			}
		}
	}
}