{
	"format_version": "1.21.50",
	"minecraft:entity": {
		"description": {
			"identifier": "shapescape_dra:dragon_hunter_sword",
			"is_spawnable": true,
			"is_summonable": true,
			"is_experimental": false,
			"location": [],
			"scripts": {
				"animate": [
					"ac.delayed_attack"
				]
			},
			"animations": {
				"ac.delayed_attack": "controller.animation.shapescape_dra.dragon_hunter_sword.delayed_attack"
			}
		},
		"component_groups": {
			"shapescape_dra:despawn": {
				"minecraft:instant_despawn": {}
			},
			"shapescape_dra:persistent": {
				"minecraft:persistent": {}
			},
			"shapescape_dra:unlock_movement": {
				"minecraft:movement": {
					"value": 0.23,
					"max": 0.23
				}
			},
			"shapescape_dra:lock_movement": {
				"minecraft:movement": {
					"value": 0.0,
					"max": 0.0
				}
			},
			"shapescape_dra:dragon_buff": {
				"minecraft:spell_effects": {
					"add_effects": [
						{
							"effect": "regeneration",
							"visible": true,
							"amplifier": 0,
							"duration": 600
						},
						{
							"effect": "strength",
							"visible": true,
							"amplifier": 0,
							"duration": 600
						}
					]
				},
				"minecraft:environment_sensor": {
					"triggers": [
						{
							"filters": {
								"any_of": [
									{
										"test": "has_target",
										"subject": "self",
										"value": false
									},
									{
										"all_of": [
											{
												"test": "is_family",
												"subject": "target",
												"operator": "!=",
												"value": "dragon"
											},
											{
												"test": "is_family",
												"subject": "target",
												"operator": "!=",
												"value": "shapescape_dra_dragon"
											}
										]
									}
								]
							},
							"event": "shapescape_dra:no_dragon_buff",
							"target": "self"
						}
					]
				}
			},
			"shapescape_dra:no_dragon_buff": {
				"minecraft:spell_effects": {
					"remove_effects": [
						"regeneration",
						"strength"
					]
				},
				"minecraft:environment_sensor": {
					"triggers": [
						{
							"filters": {
								"all_of": [
									{
										"test": "has_target",
										"subject": "self",
										"value": true
									},
									{
										"any_of": [
											{
												"test": "is_family",
												"subject": "target",
												"value": "dragon"
											},
											{
												"test": "is_family",
												"subject": "target",
												"value": "shapescape_dra_dragon"
											}
										]
									}
								]
							},
							"event": "shapescape_dra:dragon_buff",
							"target": "self"
						}
					]
				}
			}
		},
		"components": {
			"minecraft:home": {
				"restriction_radius": 20,
				"restriction_type": "random_movement"
			},
			"minecraft:follow_range": {
				"value": 32
			},
			"minecraft:behavior.nearest_attackable_target": {
				"priority": 2,
				"must_see": true,
				"within_radius": 32.0,
				"must_see_forget_duration": 40.0,
				"entity_types": [
					{
						"filters": {
							"any_of": [
								{
									"test": "is_family",
									"subject": "other",
									"value": "player"
								}
							]
						},
						"max_dist": 16,
						"walk_speed_multiplier": 1.1
					},
					{
						"filters": {
							"any_of": [
								{
									"test": "is_family",
									"subject": "other",
									"value": "shapescape_dra_dragon"
								},
								{
									"all_of": [
										{
											"test": "is_family",
											"subject": "other",
											"value": "shapescape_dra_creature"
										},
										{
											"test": "is_family",
											"subject": "other",
											"value": "longneck"
										}
									]
								},
								{
									"all_of": [
										{
											"test": "is_family",
											"subject": "other",
											"value": "shapescape_dra_creature"
										},
										{
											"test": "is_family",
											"subject": "other",
											"value": "shapescape_dra_fat"
										}
									]
								},
								{
									"all_of": [
										{
											"test": "is_family",
											"subject": "other",
											"value": "shapescape_dra_creature"
										},
										{
											"test": "is_family",
											"subject": "other",
											"value": "shapescape_dra_cannibal_creature"
										}
									]
								},
								{
									"all_of": [
										{
											"test": "is_family",
											"subject": "other",
											"value": "shapescape_dra_creature"
										},
										{
											"test": "is_family",
											"subject": "other",
											"value": "puffer_creature"
										}
									]
								},
								{
									"all_of": [
										{
											"test": "is_family",
											"subject": "other",
											"value": "shapescape_dra_creature"
										},
										{
											"test": "is_family",
											"subject": "other",
											"value": "shapescape_dra_pyrobat_creature"
										}
									]
								},
								{
									"all_of": [
										{
											"test": "is_family",
											"subject": "other",
											"value": "shapescape_dra_creature"
										},
										{
											"test": "is_family",
											"subject": "other",
											"value": "shapescape_dra_twin_dragon_creature"
										}
									]
								},
								{
									"all_of": [
										{
											"test": "is_family",
											"subject": "other",
											"value": "shapescape_dra_creature"
										},
										{
											"test": "is_family",
											"subject": "other",
											"value": "woolly_creature"
										}
									]
								}
							]
						},
						"max_dist": 32,
						"walk_speed_multiplier": 1.4
					}
				]
			},
			"minecraft:attack": {
				"damage": 8
			},
			"minecraft:behavior.delayed_attack": {
				"attack_duration": 2.17,
				"attack_once": false,
				"hit_delay_pct": 0.5,
				"reach_multiplier": 3.5,
				"track_target": false
			},
			"minecraft:behavior.random_look_around": {
				"priority": 9
			},
			"minecraft:type_family": {
				"family": [
					"shapescape_dra_mob",
					"shapescape_dra_dragon_hunter",
					"mob",
					"dragon_hunter_sword"
				]
			},
			"minecraft:experience_reward": {
				"on_death": "query.last_hit_by_player ? (query.is_baby ? 12 : 5) + (Math.die_roll(query.equipment_count,1,3)) : 0"
			},
			"minecraft:loot": {
				"table": "loot_tables/shapescape/dra/dragon_hunter_sword.loot.json"
			},
			"minecraft:breathable": {
				"total_supply": 15,
				"suffocate_time": 0
			},
			"minecraft:navigation.walk": {
				"can_path_over_water": true,
				"avoid_water": true,
				"avoid_damage_blocks": true
			},
			"minecraft:movement.basic": {},
			"minecraft:jump.static": {},
			"minecraft:can_climb": {},
			"minecraft:collision_box": {
				"width": 0.6,
				"height": 1.9
			},
			"minecraft:health": {
				"value": 24,
				"max": 24
			},
			"minecraft:behavior.float": {
				"priority": 0
			},
			"minecraft:behavior.random_stroll": {
				"priority": 9,
				"speed_multiplier": 0.8
			},
			"minecraft:behavior.look_at_player": {
				"priority": 10,
				"look_distance": 8,
				"probability": 0.02
			},
			"minecraft:behavior.hurt_by_target": {
				"priority": 1,
				"entity_types": {
					"filters": {
						"test": "is_family",
						"subject": "other",
						"operator": "!=",
						"value": "shapescape_dra_dragon_hunter"
					},
					"max_dist": 64
				}
			},
			"minecraft:hurt_on_condition": {
				"damage_conditions": [
					{
						"filters": {
							"test": "in_lava",
							"subject": "self",
							"operator": "==",
							"value": true
						},
						"cause": "lava",
						"damage_per_tick": 4
					}
				]
			},
			"minecraft:physics": {},
			"minecraft:pushable": {
				"is_pushable": true,
				"is_pushable_by_piston": true
			},
			"minecraft:nameable": {},
			"minecraft:is_hidden_when_invisible": {},
			"minecraft:despawn": {
				"despawn_from_distance": {}
			},
			"minecraft:conditional_bandwidth_optimization": {}
		},
		"events": {
			"minecraft:entity_spawned": {
				"add": {
					"component_groups": [
						"shapescape_dra:unlock_movement",
						"shapescape_dra:no_dragon_buff"
					]
				}
			},
			"shapescape_dra:spawned_in_outpost": {
				"add": {
					"component_groups": [
						"shapescape_dra:unlock_movement",
						"shapescape_dra:no_dragon_buff",
						"shapescape_dra:persistent"
					]
				}
			},
			"shapescape_dra:lock_movement": {
				"remove": {
					"component_groups": [
						"shapescape_dra:unlock_movement"
					]
				},
				"add": {
					"component_groups": [
						"shapescape_dra:lock_movement"
					]
				}
			},
			"shapescape_dra:unlock_movement": {
				"remove": {
					"component_groups": [
						"shapescape_dra:lock_movement"
					]
				},
				"add": {
					"component_groups": [
						"shapescape_dra:unlock_movement"
					]
				}
			},
			"shapescape_dra:dragon_buff": {
				"add": {
					"component_groups": [
						"shapescape_dra:dragon_buff"
					]
				},
				"remove": {
					"component_groups": [
						"shapescape_dra:no_dragon_buff"
					]
				}
			},
			"shapescape_dra:no_dragon_buff": {
				"add": {
					"component_groups": [
						"shapescape_dra:no_dragon_buff"
					]
				},
				"remove": {
					"component_groups": [
						"shapescape_dra:dragon_buff"
					]
				}
			},
			"shapescape_dra:despawn": {
				"add": {
					"component_groups": [
						"shapescape_dra:despawn"
					]
				}
			}
		}
	}
}