{
	"format_version": "1.21.0",
	"minecraft:entity": {
		"description": {
			"identifier": "shapescape_dra:dragon_trader",
			"is_spawnable": true,
			"is_summonable": true,
			"is_experimental": false,
			"properties": {
				"shapescape_dra:version": {
					"type": "int",
					"client_sync": false,
					"range": [
						0,
						100
					],
					"default": 0
				}
			}
		},
		"component_groups": {
			"despawn": {
				"minecraft:instant_despawn": {
					"remove_child_entities": true
				}
			},
			"despawning": {
				"minecraft:type_family": {
					"family": [
						"dragon_trader",
						"dragon_trader_despawning",
						"mob"
					]
				}
			},
			"update": {
				"minecraft:transformation": {
					"add": {},
					"drop_equipment": false,
					"drop_inventory": false,
					"into": "shapescape_dra:dragon_trader",
					"keep_level": true,
					"keep_owner": true,
					"preserve_equipment": true
				}
			},
			"cave_spawn": {
				"minecraft:spawn_entity": {
					"entities": [
						{
							"min_wait_time": 0,
							"max_wait_time": 0,
							"spawn_entity": "shapescape_dra:cave_1_trader",
							"spawn_event": "minecraft:entity_spawned",
							"single_use": true,
							"num_to_spawn": 1,
							"should_leash": true
						}
					]
				}
			},
			"crystal_spawn": {
				"minecraft:spawn_entity": {
					"entities": [
						{
							"min_wait_time": 0,
							"max_wait_time": 0,
							"spawn_entity": "shapescape_dra:crystal_1_trader",
							"spawn_event": "minecraft:entity_spawned",
							"single_use": true,
							"num_to_spawn": 1,
							"should_leash": true
						}
					]
				}
			},
			"fire_spawn": {
				"minecraft:spawn_entity": {
					"entities": [
						{
							"min_wait_time": 0,
							"max_wait_time": 0,
							"spawn_entity": "shapescape_dra:fire_1_trader",
							"spawn_event": "minecraft:entity_spawned",
							"single_use": true,
							"num_to_spawn": 1,
							"should_leash": true
						}
					]
				}
			},
			"fae_spawn": {
				"minecraft:spawn_entity": {
					"entities": [
						{
							"min_wait_time": 0,
							"max_wait_time": 0,
							"spawn_entity": "shapescape_dra:fae_1_trader",
							"spawn_event": "minecraft:entity_spawned",
							"single_use": true,
							"num_to_spawn": 1,
							"should_leash": true
						}
					]
				}
			},
			"thunder_spawn": {
				"minecraft:spawn_entity": {
					"entities": [
						{
							"min_wait_time": 0,
							"max_wait_time": 0,
							"spawn_entity": "shapescape_dra:thunder_1_trader",
							"spawn_event": "minecraft:entity_spawned",
							"single_use": true,
							"num_to_spawn": 1,
							"should_leash": true
						}
					]
				}
			},
			"poison_spawn": {
				"minecraft:spawn_entity": {
					"entities": [
						{
							"min_wait_time": 0,
							"max_wait_time": 0,
							"spawn_entity": "shapescape_dra:poison_1_trader",
							"spawn_event": "minecraft:entity_spawned",
							"single_use": true,
							"num_to_spawn": 1,
							"should_leash": true
						}
					]
				}
			},
			"ice_spawn": {
				"minecraft:spawn_entity": {
					"entities": [
						{
							"min_wait_time": 0,
							"max_wait_time": 0,
							"spawn_entity": "shapescape_dra:ice_1_trader",
							"spawn_event": "minecraft:entity_spawned",
							"single_use": true,
							"num_to_spawn": 1,
							"should_leash": true
						}
					]
				}
			}
		},
		"components": {
			"minecraft:economy_trade_table": {
				"display_name": "entity.dragon_trader.name",
				"table": "trading/shapescape/dra/dragon_trader.trade.json",
				"new_screen": true
			},
			"minecraft:breathable": {
				"total_supply": 15,
				"suffocate_time": 0
			},
			"minecraft:health": {
				"value": 20,
				"max": 20
			},
			"minecraft:timer": {
				"time": 1,
				"looping": false,
				"time_down_event": {
					"event": "update",
					"target": "self"
				}
			},
			"minecraft:hurt_on_condition": {
				"damage_conditions": [
					{
						"filters": {
							"test": "in_lava",
							"subject": "self",
							"operator": "==",
							"value": true
						},
						"cause": "lava",
						"damage_per_tick": 4
					}
				]
			},
			"minecraft:collision_box": {
				"width": 0.6,
				"height": 1.9
			},
			"minecraft:movement": {
				"value": 0.5
			},
			"minecraft:navigation.walk": {
				"can_path_over_water": true,
				"can_pass_doors": true,
				"can_open_doors": false,
				"avoid_water": true
			},
			"minecraft:movement.basic": {},
			"minecraft:jump.static": {},
			"minecraft:can_climb": {},
			"minecraft:home": {
				"restriction_radius": 16
			},
			"minecraft:behavior.float": {
				"priority": 0
			},
			"minecraft:despawn": {
				"remove_child_entities": true,
				"filters": {
					"all_of": [
						{
							"any_of": [
								{
									"test": "is_family",
									"subject": "self",
									"value": "dragon_trader_despawning"
								},
								{
									"test": "has_trade_supply",
									"subject": "self",
									"value": false
								}
							]
						},
						{
							"test": "distance_to_nearest_player",
							"operator": ">",
							"value": 24
						}
					]
				}
			},
			"minecraft:conditional_bandwidth_optimization": {},
			"minecraft:damage_sensor": {
				"triggers": [
					{
						"cause": "entity_attack",
						"deals_damage": true,
						"on_damage": {
							"event": "become_scared"
						}
					},
					{
						"cause": "projectile",
						"deals_damage": true,
						"on_damage": {
							"event": "become_scared"
						}
					},
					{
						"cause": "magic",
						"deals_damage": true,
						"on_damage": {
							"event": "become_scared"
						}
					}
				]
			},
			"minecraft:behavior.trade_with_player": {
				"priority": 1,
				"filters": {
					"all_of": [
						{
							"all_of": [
								{
									"test": "in_water",
									"value": false
								}
							]
						},
						{
							"any_of": [
								{
									"test": "on_ground",
									"value": true
								},
								{
									"test": "is_sleeping",
									"value": true
								}
							]
						}
					]
				}
			},
			"minecraft:behavior.trade_interest": {
				"priority": 3,
				"within_radius": 6.0,
				"interest_time": 45.0,
				"remove_item_time": 1.0,
				"carried_item_switch_time": 2.0,
				"cooldown": 2.0
			},
			"minecraft:behavior.look_at_trading_player": {
				"priority": 4
			},
			"minecraft:behavior.panic": {
				"priority": 1,
				"speed_multiplier": 0.6
			},
			"minecraft:behavior.drink_potion": {
				"priority": 1,
				"speed_modifier": -0.2,
				"potions": [
					{
						"id": 7,
						"chance": 1.0,
						"filters": {
							"all_of": [
								{
									"any_of": [
										{
											"test": "hourly_clock_time",
											"operator": ">=",
											"value": 18000
										},
										{
											"test": "hourly_clock_time",
											"operator": "<",
											"value": 12000
										}
									]
								},
								{
									"test": "is_visible",
									"subject": "self",
									"value": true
								},
								{
									"any_of": [
										{
											"test": "is_avoiding_mobs",
											"subject": "self",
											"value": true
										},
										{
											"all_of": [
												{
													"test": "has_component",
													"subject": "self",
													"value": "angry"
												},
												{
													"test": "is_family",
													"subject": "target",
													"operator": "!=",
													"value": "player"
												}
											]
										}
									]
								}
							]
						}
					},
					{
						"id": 8,
						"chance": 1.0,
						"filters": {
							"all_of": [
								{
									"test": "hourly_clock_time",
									"operator": ">=",
									"value": 12000
								},
								{
									"test": "hourly_clock_time",
									"operator": "<",
									"value": 18000
								},
								{
									"test": "is_visible",
									"subject": "self",
									"value": true
								},
								{
									"any_of": [
										{
											"test": "is_avoiding_mobs",
											"subject": "self",
											"value": true
										},
										{
											"test": "has_component",
											"subject": "self",
											"value": "angry"
										}
									]
								}
							]
						}
					}
				]
			},
			"minecraft:behavior.avoid_mob_type": {
				"priority": 2,
				"entity_types": [
					{
						"filters": {
							"any_of": [
								{
									"test": "is_family",
									"subject": "other",
									"value": "zombie"
								},
								{
									"test": "is_family",
									"subject": "other",
									"value": "zombie_villager"
								},
								{
									"test": "is_family",
									"subject": "other",
									"value": "zombie_pigman"
								},
								{
									"test": "is_family",
									"subject": "other",
									"value": "illager"
								},
								{
									"test": "is_family",
									"subject": "other",
									"value": "vex"
								},
								{
									"test": "is_family",
									"subject": "other",
									"value": "zoglin"
								}
							]
						},
						"walk_speed_multiplier": 0.6,
						"sprint_speed_multiplier": 0.6
					}
				],
				"max_dist": 6
			},
			"minecraft:behavior.drink_milk": {
				"priority": 5,
				"filters": {
					"all_of": [
						{
							"test": "is_daytime",
							"value": true
						},
						{
							"test": "is_visible",
							"subject": "self",
							"value": false
						},
						{
							"test": "is_avoiding_mobs",
							"subject": "self",
							"value": false
						}
					]
				}
			},
			"minecraft:behavior.move_towards_home_restriction": {
				"priority": 6,
				"speed_multiplier": 0.6
			},
			"minecraft:behavior.random_stroll": {
				"priority": 7,
				"speed_multiplier": 0.6
			},
			"minecraft:behavior.look_at_player": {
				"priority": 8,
				"look_distance": 8,
				"probability": 0.02
			},
			"minecraft:behavior.random_look_around": {
				"priority": 9
			},
			"minecraft:physics": {},
			"minecraft:pushable": {
				"is_pushable": true,
				"is_pushable_by_piston": true
			},
			"minecraft:nameable": {}
		},
		"events": {
			"minecraft:entity_spawned": {
				"sequence": [
					{
						"randomize": [
							{
								"add": {
									"component_groups": [
										"thunder_spawn"
									]
								},
								"weight": 1
							},
							{
								"add": {
									"component_groups": [
										"fire_spawn"
									]
								},
								"weight": 1
							},
							{
								"add": {
									"component_groups": [
										"fae_spawn"
									]
								},
								"weight": 1
							},
							{
								"add": {
									"component_groups": [
										"cave_spawn"
									]
								},
								"weight": 1
							},
							{
								"add": {
									"component_groups": [
										"crystal_spawn"
									]
								},
								"weight": 1
							},
							{
								"add": {
									"component_groups": [
										"ice_spawn"
									]
								},
								"weight": 1
							},
							{
								"add": {
									"component_groups": [
										"poison_spawn"
									]
								},
								"weight": 1
							}
						]
					},
					{
						"set_property": {
							"shapescape_dra:version": 1
						}
					}
				]
			},
			"update": {
				"filters": {
					"any_of": [
						{
							"test": "int_property",
							"operator": "!=",
							"subject": "self",
							"domain": "shapescape_dra:version",
							"value": 1
						},
						{
							"test": "has_property",
							"operator": "!=",
							"subject": "self",
							"value": "shapescape_dra:version"
						}
					]
				},
				"add": {
					"component_groups": [
						"update"
					]
				}
			},
			"despawn": {
				"add": {
					"component_groups": [
						"despawn"
					]
				}
			},
			"scheduled": {
				"add": {
					"component_groups": [
						"managed"
					]
				}
			},
			"start_despawn": {
				"add": {
					"component_groups": [
						"despawning"
					]
				}
			},
			"become_scared": {
				"add": {
					"component_groups": [
						"scared"
					]
				}
			},
			"become_calm": {
				"remove": {
					"component_groups": [
						"scared"
					]
				}
			},
			"minecraft:entity_transformed": {
				"set_property": {
					"shapescape_dra:version": 1
				}
			}
		}
	}
}