{
	"format_version": "1.20.41",
	"minecraft:entity": {
		"description": {
			"identifier": "shapescape_dra:dragon_egg_summoner",
			"is_spawnable": false,
			"is_summonable": true,
			"is_experimental": false,
			"scripts": {
				"animate": [
					{
						"cave_spawn_entities": "q.property('shapescape_dra:dragon') == 'cave' && q.property('shapescape_dra:dragon_type_determined') == true"
					},
					{
						"cave_dragon_type_determined": "q.property('shapescape_dra:dragon_type_determined') == false"
					},
					{
						"cave_respawn_egg": "q.property('shapescape_dra:dragon') == 'cave'"
					},
					{
						"crystal_spawn_entities": "q.property('shapescape_dra:dragon') == 'crystal' && q.property('shapescape_dra:dragon_type_determined') == true"
					},
					{
						"crystal_dragon_type_determined": "q.property('shapescape_dra:dragon_type_determined') == false"
					},
					{
						"crystal_respawn_egg": "q.property('shapescape_dra:dragon') == 'crystal'"
					},
					{
						"fae_spawn_entities": "q.property('shapescape_dra:dragon') == 'fae' && q.property('shapescape_dra:dragon_type_determined') == true"
					},
					{
						"fae_dragon_type_determined": "q.property('shapescape_dra:dragon_type_determined') == false"
					},
					{
						"fae_respawn_egg": "q.property('shapescape_dra:dragon') == 'fae'"
					},
					{
						"fire_spawn_entities": "q.property('shapescape_dra:dragon') == 'fire' && q.property('shapescape_dra:dragon_type_determined') == true"
					},
					{
						"fire_dragon_type_determined": "q.property('shapescape_dra:dragon_type_determined') == false"
					},
					{
						"fire_respawn_egg": "q.property('shapescape_dra:dragon') == 'fire'"
					},
					{
						"ice_spawn_entities": "q.property('shapescape_dra:dragon') == 'ice' && q.property('shapescape_dra:dragon_type_determined') == true"
					},
					{
						"ice_dragon_type_determined": "q.property('shapescape_dra:dragon_type_determined') == false"
					},
					{
						"ice_respawn_egg": "q.property('shapescape_dra:dragon') == 'ice'"
					},
					{
						"poison_spawn_entities": "q.property('shapescape_dra:dragon') == 'poison' && q.property('shapescape_dra:dragon_type_determined') == true"
					},
					{
						"poison_dragon_type_determined": "q.property('shapescape_dra:dragon_type_determined') == false"
					},
					{
						"poison_respawn_egg": "q.property('shapescape_dra:dragon') == 'poison'"
					},
					{
						"thunder_spawn_entities": "q.property('shapescape_dra:dragon') == 'thunder' && q.property('shapescape_dra:dragon_type_determined') == true"
					},
					{
						"thunder_dragon_type_determined": "q.property('shapescape_dra:dragon_type_determined') == false"
					},
					{
						"thunder_respawn_egg": "q.property('shapescape_dra:dragon') == 'thunder'"
					}
				]
			},
			"animations": {
				"cave_spawn_entities": "controller.animation.shapescape_dra.cave_dragon_egg_summoner.spawn_entities",
				"cave_spawn_stuff": "animation.shapescape_dra.cave_dragon_egg_summoner.spawn_stuff",
				"cave_spawn_just_egg": "animation.shapescape_dra.cave_dragon_egg_summoner.spawn_just_egg",
				"cave_dragon_type_determined": "controller.animation.shapescape_dra.cave_dragon_egg_summoner.dragon_type_determined",
				"cave_respawn_egg": "controller.animation.shapescape_dra.cave_dragon_egg_summoner.respawn_egg",
				"crystal_spawn_entities": "controller.animation.shapescape_dra.crystal_dragon_egg_summoner.spawn_entities",
				"crystal_spawn_stuff": "animation.shapescape_dra.crystal_dragon_egg_summoner.spawn_stuff",
				"crystal_spawn_just_egg": "animation.shapescape_dra.crystal_dragon_egg_summoner.spawn_just_egg",
				"crystal_dragon_type_determined": "controller.animation.shapescape_dra.crystal_dragon_egg_summoner.dragon_type_determined",
				"crystal_respawn_egg": "controller.animation.shapescape_dra.crystal_dragon_egg_summoner.respawn_egg",
				"fae_spawn_entities": "controller.animation.shapescape_dra.fae_dragon_egg_summoner.spawn_entities",
				"fae_spawn_stuff": "animation.shapescape_dra.fae_dragon_egg_summoner.spawn_stuff",
				"fae_spawn_just_egg": "animation.shapescape_dra.fae_dragon_egg_summoner.spawn_just_egg",
				"fae_dragon_type_determined": "controller.animation.shapescape_dra.fae_dragon_egg_summoner.dragon_type_determined",
				"fae_respawn_egg": "controller.animation.shapescape_dra.fae_dragon_egg_summoner.respawn_egg",
				"fire_spawn_entities": "controller.animation.shapescape_dra.fire_dragon_egg_summoner.spawn_entities",
				"fire_spawn_stuff": "animation.shapescape_dra.fire_dragon_egg_summoner.spawn_stuff",
				"fire_spawn_just_egg": "animation.shapescape_dra.fire_dragon_egg_summoner.spawn_just_egg",
				"fire_dragon_type_determined": "controller.animation.shapescape_dra.fire_dragon_egg_summoner.dragon_type_determined",
				"fire_respawn_egg": "controller.animation.shapescape_dra.fire_dragon_egg_summoner.respawn_egg",
				"ice_spawn_entities": "controller.animation.shapescape_dra.ice_dragon_egg_summoner.spawn_entities",
				"ice_spawn_stuff": "animation.shapescape_dra.ice_dragon_egg_summoner.spawn_stuff",
				"ice_spawn_just_egg": "animation.shapescape_dra.ice_dragon_egg_summoner.spawn_just_egg",
				"ice_dragon_type_determined": "controller.animation.shapescape_dra.ice_dragon_egg_summoner.dragon_type_determined",
				"ice_respawn_egg": "controller.animation.shapescape_dra.ice_dragon_egg_summoner.respawn_egg",
				"poison_spawn_entities": "controller.animation.shapescape_dra.poison_dragon_egg_summoner.spawn_entities",
				"poison_spawn_stuff": "animation.shapescape_dra.poison_dragon_egg_summoner.spawn_stuff",
				"poison_spawn_just_egg": "animation.shapescape_dra.poison_dragon_egg_summoner.spawn_just_egg",
				"poison_dragon_type_determined": "controller.animation.shapescape_dra.poison_dragon_egg_summoner.dragon_type_determined",
				"poison_respawn_egg": "controller.animation.shapescape_dra.poison_dragon_egg_summoner.respawn_egg",
				"thunder_spawn_entities": "controller.animation.shapescape_dra.thunder_dragon_egg_summoner.spawn_entities",
				"thunder_spawn_stuff": "animation.shapescape_dra.thunder_dragon_egg_summoner.spawn_stuff",
				"thunder_spawn_just_egg": "animation.shapescape_dra.thunder_dragon_egg_summoner.spawn_just_egg",
				"thunder_dragon_type_determined": "controller.animation.shapescape_dra.thunder_dragon_egg_summoner.dragon_type_determined",
				"thunder_respawn_egg": "controller.animation.shapescape_dra.thunder_dragon_egg_summoner.respawn_egg"
			},
			"properties": {
				"shapescape_dra:dragon": {
					"default": "thunder",
					"client_sync": true,
					"type": "enum",
					"values": [
						"cave",
						"crystal",
						"fae",
						"fire",
						"ice",
						"poison",
						"thunder"
					]
				},
				"shapescape_dra:dragon_type_determined": {
					"default": false,
					"client_sync": false,
					"type": "bool"
				},
				"shapescape_dra:naturally_spawned": {
					"default": false,
					"client_sync": false,
					"type": "bool"
				},
				"shapescape_dra:spawned_from_feature": {
					"default": false,
					"client_sync": false,
					"type": "bool"
				}
			}
		},
		"component_groups": {
			"only_spawn_the_egg": {
				"minecraft:is_baby": {}
			},
			"wait_for_despawn": {
				"minecraft:is_tamed": {}
			},
			"despawn": {
				"minecraft:instant_despawn": {}
			}
		},
		"components": {
			"minecraft:timer": {
				"time": 0.1,
				"looping": true,
				"time_down_event": {
					"filters": {
						"test": "bool_property",
						"subject": "self",
						"domain": "shapescape_dra:dragon_type_determined",
						"value": false
					},
					"event": "minecraft:entity_spawned",
					"target": "self"
				}
			},
			"minecraft:persistent": {},
			"minecraft:physics": {
				"has_collision": false,
				"has_gravity": false
			},
			"minecraft:collision_box": {
				"height": 0.1,
				"width": 0.1
			},
			"minecraft:knockback_resistance": {
				"value": 100
			},
			"minecraft:damage_sensor": {
				"triggers": [
					{
						"cause": "all",
						"deals_damage": false
					},
					{
						"cause": "all",
						"deals_damage": false
					},
					{
						"cause": "all",
						"deals_damage": false
					},
					{
						"cause": "all",
						"deals_damage": false
					},
					{
						"cause": "all",
						"deals_damage": false
					},
					{
						"cause": "all",
						"deals_damage": false
					},
					{
						"cause": "all",
						"deals_damage": false
					}
				]
			},
			"minecraft:pushable": {
				"is_pushable": false,
				"is_pushable_by_piston": false
			},
			"minecraft:health": {
				"value": 1,
				"min": 1
			},
			"minecraft:type_family": {
				"family": [
					"shapescape_dra_egg_summoner",
					"inanimate",
					"shapescape_dra_egg_summoner",
					"inanimate",
					"shapescape_dra_egg_summoner",
					"inanimate",
					"shapescape_dra_egg_summoner",
					"inanimate",
					"shapescape_dra_egg_summoner",
					"inanimate",
					"shapescape_dra_egg_summoner",
					"inanimate",
					"shapescape_dra_egg_summoner",
					"inanimate"
				]
			}
		},
		"events": {
			"minecraft:entity_spawned": {
				"randomize": [
					{
						"randomize": [
							{
								"filters": {
									"any_of": [
										{
											"any_of": [
												{
													"test": "has_biome_tag",
													"value": "overworld"
												}
											]
										},
										{
											"any_of": []
										}
									]
								},
								"trigger": "cave"
							}
						]
					},
					{
						"randomize": [
							{
								"filters": {
									"any_of": [
										{
											"any_of": [
												{
													"test": "has_biome_tag",
													"value": "cherry_grove"
												},
												{
													"test": "has_biome_tag",
													"value": "flower_forest"
												},
												{
													"test": "has_biome_tag",
													"value": "roofed"
												}
											]
										},
										{
											"any_of": []
										}
									]
								},
								"trigger": "crystal"
							}
						]
					},
					{
						"randomize": [
							{
								"filters": {
									"any_of": [
										{
											"any_of": [
												{
													"test": "has_biome_tag",
													"value": "jungle"
												},
												{
													"test": "has_biome_tag",
													"value": "birch"
												}
											]
										},
										{
											"any_of": []
										}
									]
								},
								"trigger": "fae"
							}
						]
					},
					{
						"randomize": [
							{
								"filters": {
									"any_of": [
										{
											"any_of": [
												{
													"test": "has_biome_tag",
													"value": "mesa"
												},
												{
													"test": "has_biome_tag",
													"value": "desert"
												}
											]
										},
										{
											"any_of": []
										}
									]
								},
								"trigger": "fire"
							}
						]
					},
					{
						"randomize": [
							{
								"filters": {
									"any_of": [
										{
											"any_of": [
												{
													"test": "has_biome_tag",
													"value": "cold"
												},
												{
													"test": "has_biome_tag",
													"value": "frozen"
												},
												{
													"test": "has_biome_tag",
													"value": "ice"
												},
												{
													"test": "has_biome_tag",
													"value": "ice_plains"
												},
												{
													"test": "has_biome_tag",
													"value": "frozen_peaks"
												},
												{
													"test": "has_biome_tag",
													"value": "snowy_slopes"
												}
											]
										},
										{
											"any_of": []
										}
									]
								},
								"trigger": "ice"
							}
						]
					},
					{
						"randomize": [
							{
								"filters": {
									"any_of": [
										{
											"any_of": [
												{
													"test": "has_biome_tag",
													"value": "swamp"
												},
												{
													"test": "has_biome_tag",
													"value": "mangrove_swamp"
												}
											]
										},
										{
											"any_of": []
										}
									]
								},
								"trigger": "poison"
							}
						]
					},
					{
						"randomize": [
							{
								"filters": {
									"any_of": [
										{
											"any_of": [
												{
													"test": "has_biome_tag",
													"value": "mountain"
												},
												{
													"test": "has_biome_tag",
													"value": "taiga"
												},
												{
													"test": "has_biome_tag",
													"value": "extreme_hills"
												},
												{
													"test": "has_biome_tag",
													"value": "jagged_peaks"
												}
											]
										},
										{
											"any_of": []
										}
									]
								},
								"trigger": "thunder"
							}
						]
					}
				]
			},
			"dragon_type_determined": {
				"randomize": [
					{
						"trigger": "cave"
					},
					{
						"trigger": "crystal"
					},
					{
						"trigger": "fae"
					},
					{
						"trigger": "fire"
					},
					{
						"trigger": "ice"
					},
					{
						"trigger": "poison"
					},
					{
						"trigger": "thunder"
					}
				]
			},
			"wait_for_despawn": {
				"add": {
					"component_groups": [
						"wait_for_despawn",
						"wait_for_despawn",
						"wait_for_despawn",
						"wait_for_despawn",
						"wait_for_despawn",
						"wait_for_despawn",
						"wait_for_despawn"
					]
				}
			},
			"despawn": {
				"add": {
					"component_groups": [
						"despawn",
						"despawn",
						"despawn",
						"despawn",
						"despawn",
						"despawn",
						"despawn"
					]
				}
			},
			"cave": {
				"set_property": {
					"shapescape_dra:dragon_type_determined": true,
					"shapescape_dra:dragon": "cave",
					"shapescape_dra:naturally_spawned": true
				}
			},
			"cave_only_spawn_the_egg": {
				"add": {
					"component_groups": [
						"only_spawn_the_egg"
					]
				},
				"set_property": {
					"shapescape_dra:dragon_type_determined": true,
					"shapescape_dra:dragon": "cave",
					"shapescape_dra:naturally_spawned": false
				}
			},
			"crystal": {
				"set_property": {
					"shapescape_dra:dragon_type_determined": true,
					"shapescape_dra:dragon": "crystal",
					"shapescape_dra:naturally_spawned": true
				}
			},
			"crystal_only_spawn_the_egg": {
				"add": {
					"component_groups": [
						"only_spawn_the_egg"
					]
				},
				"set_property": {
					"shapescape_dra:dragon_type_determined": true,
					"shapescape_dra:dragon": "crystal",
					"shapescape_dra:naturally_spawned": false
				}
			},
			"fae": {
				"set_property": {
					"shapescape_dra:dragon_type_determined": true,
					"shapescape_dra:dragon": "fae",
					"shapescape_dra:naturally_spawned": true
				}
			},
			"fae_only_spawn_the_egg": {
				"add": {
					"component_groups": [
						"only_spawn_the_egg"
					]
				},
				"set_property": {
					"shapescape_dra:dragon_type_determined": true,
					"shapescape_dra:dragon": "fae",
					"shapescape_dra:naturally_spawned": false
				}
			},
			"fire": {
				"set_property": {
					"shapescape_dra:dragon_type_determined": true,
					"shapescape_dra:dragon": "fire",
					"shapescape_dra:naturally_spawned": true
				}
			},
			"fire_only_spawn_the_egg": {
				"add": {
					"component_groups": [
						"only_spawn_the_egg"
					]
				},
				"set_property": {
					"shapescape_dra:dragon_type_determined": true,
					"shapescape_dra:dragon": "fire",
					"shapescape_dra:naturally_spawned": false
				}
			},
			"ice": {
				"set_property": {
					"shapescape_dra:dragon_type_determined": true,
					"shapescape_dra:dragon": "ice",
					"shapescape_dra:naturally_spawned": true
				}
			},
			"ice_only_spawn_the_egg": {
				"add": {
					"component_groups": [
						"only_spawn_the_egg"
					]
				},
				"set_property": {
					"shapescape_dra:dragon_type_determined": true,
					"shapescape_dra:dragon": "ice",
					"shapescape_dra:naturally_spawned": false
				}
			},
			"poison": {
				"set_property": {
					"shapescape_dra:dragon_type_determined": true,
					"shapescape_dra:dragon": "poison",
					"shapescape_dra:naturally_spawned": true
				}
			},
			"poison_only_spawn_the_egg": {
				"add": {
					"component_groups": [
						"only_spawn_the_egg"
					]
				},
				"set_property": {
					"shapescape_dra:dragon_type_determined": true,
					"shapescape_dra:dragon": "poison",
					"shapescape_dra:naturally_spawned": false
				}
			},
			"thunder": {
				"set_property": {
					"shapescape_dra:dragon_type_determined": true,
					"shapescape_dra:dragon": "thunder",
					"shapescape_dra:naturally_spawned": true
				}
			},
			"thunder_only_spawn_the_egg": {
				"add": {
					"component_groups": [
						"only_spawn_the_egg"
					]
				},
				"set_property": {
					"shapescape_dra:dragon_type_determined": true,
					"shapescape_dra:dragon": "thunder",
					"shapescape_dra:naturally_spawned": false
				}
			}
		}
	}
}