{
	"format_version": "1.21.50",
	"minecraft:entity": {
		"description": {
			"identifier": "shapescape_dra:dragon_hunter_net_proj",
			"is_spawnable": false,
			"is_summonable": true,
			"is_experimental": false,
			"location": []
		},
		"component_groups": {
			"shapescape_dra:despawn": {
				"minecraft:instant_despawn": {}
			}
		},
		"components": {
			"minecraft:home": {
				"restriction_radius": 20,
				"restriction_type": "random_movement"
			},
			"minecraft:type_family": {
				"family": [
					"projectile",
					"dragon_hunter_net_proj"
				]
			},
			"minecraft:scale": {
				"value": 1.0
			},
			"minecraft:collision_box": {
				"width": 0.5,
				"height": 0.3
			},
			"minecraft:projectile": {
				"on_hit": {
					"impact_damage": {
						"damage": 1,
						"knockback": false
					}
				},
				"power": 1.1,
				"gravity": 0.001,
				"uncertainty_base": 0,
				"uncertainty_multiplier": 0,
				"inertia": 1.0,
				"offset": [
					0,
					1.5,
					0
				]
			},
			"minecraft:timer": {
				"looping": false,
				"time": 2.0,
				"time_down_event": {
					"event": "shapescape_dra:despawn",
					"target": "self"
				}
			},
			"minecraft:damage_sensor": {
				"triggers": [
					{
						"cause": "all",
						"deals_damage": "no"
					}
				]
			},
			"minecraft:physics": {
				"has_gravity": true,
				"has_collision": true
			},
			"minecraft:pushable": {
				"is_pushable": false,
				"is_pushable_by_piston": true
			},
			"minecraft:conditional_bandwidth_optimization": {
				"default_values": {
					"max_optimized_distance": 80.0,
					"max_dropped_ticks": 7,
					"use_motion_prediction_hints": true
				}
			}
		},
		"events": {
			"shapescape_dra:despawn": {
				"add": {
					"component_groups": [
						"shapescape_dra:despawn"
					]
				}
			}
		}
	}
}