{
	"format_version": "1.20.80",
	"minecraft:entity": {
		"description": {
			"identifier": "shapescape_dra:fat_creature",
			"is_spawnable": true,
			"is_summonable": true,
			"is_experimental": false,
			"location": [],
			"properties": {
				"shapescape_dra:fat_creature": {
					"client_sync": true,
					"default": "fly",
					"type": "enum",
					"values": [
						"fly",
						"drop"
					]
				}
			}
		},
		"component_groups": {
			"shapescape_dra:despawn": {
				"minecraft:instant_despawn": {}
			},
			"shapescape_dra:fly": {
				"minecraft:on_hurt_by_player": {
					"target": "self",
					"event": "shapescape_dra:drop"
				},
				"minecraft:timer": {
					"time": [
						15,
						30
					],
					"randomInterval": true,
					"looping": true,
					"time_down_event": {
						"event": "shapescape_dra:drop",
						"target": "self"
					}
				}
			},
			"shapescape_dra:drop": {
				"minecraft:behavior.knockback_roar": {
					"priority": 0,
					"duration": 2,
					"attack_time": 1.04,
					"cooldown_time": 3,
					"knockback_damage": 2,
					"knockback_horizontal_strength": 3,
					"knockback_range": 4,
					"knockback_vertical_strength": 4,
					"knockback_height_cap": 0.75,
					"on_roar_end": {
						"event": "shapescape_dra:fly",
						"target": "self"
					}
				},
				"minecraft:timer": {
					"time": 2,
					"looping": true,
					"time_down_event": {
						"event": "shapescape_dra:fly",
						"target": "self"
					}
				}
			}
		},
		"components": {
			"minecraft:behavior.panic": {
				"priority": 1,
				"speed_multiplier": 1.35
			},
			"minecraft:type_family": {
				"family": [
					"shapescape_dra_mob",
					"shapescape_dra_creature",
					"mob",
					"shapescape_dra_fat"
				]
			},
			"minecraft:experience_reward": {
				"on_death": "query.last_hit_by_player ? 2 + Math.Random(1,3) : 0"
			},
			"minecraft:loot": {
				"table": "loot_tables/shapescape/dra/fat_creature.loot.json"
			},
			"minecraft:collision_box": {
				"width": 1.25,
				"height": 2.0
			},
			"minecraft:breathable": {
				"total_supply": 15,
				"suffocate_time": 0
			},
			"minecraft:health": {
				"value": 30,
				"max": 30
			},
			"minecraft:movement": {
				"value": 0.25
			},
			"minecraft:navigation.walk": {
				"can_path_over_water": true,
				"avoid_water": true,
				"avoid_damage_blocks": true
			},
			"minecraft:movement.basic": {},
			"minecraft:jump.static": {},
			"minecraft:can_climb": {},
			"minecraft:behavior.random_stroll": {
				"interval": 5,
				"xz_dist": 10,
				"y_dist": 7
			},
			"minecraft:behavior.float": {
				"priority": 2
			},
			"minecraft:behavior.look_at_player": {
				"priority": 8,
				"look_distance": 6.0,
				"probability": 0.02
			},
			"minecraft:behavior.random_look_around": {
				"priority": 9
			},
			"minecraft:hurt_on_condition": {
				"damage_conditions": [
					{
						"filters": {
							"test": "in_lava",
							"subject": "self",
							"operator": "==",
							"value": true
						},
						"cause": "lava",
						"damage_per_tick": 4
					}
				]
			},
			"minecraft:balloonable": {
				"mass": 0.5
			},
			"minecraft:physics": {},
			"minecraft:pushable": {
				"is_pushable": true,
				"is_pushable_by_piston": true
			},
			"minecraft:knockback_resistance": {
				"value": 1,
				"max": 1
			},
			"minecraft:leashable": {
				"hard_distance": 6,
				"max_distance": 10,
				"soft_distance": 4
			},
			"minecraft:nameable": {},
			"minecraft:is_hidden_when_invisible": {},
			"minecraft:despawn": {
				"despawn_from_distance": {}
			},
			"minecraft:conditional_bandwidth_optimization": {}
		},
		"events": {
			"minecraft:entity_spawned": {
				"add": {
					"component_groups": [
						"shapescape_dra:fly"
					]
				},
				"set_property": {
					"shapescape_dra:fat_creature": "fly"
				}
			},
			"shapescape_dra:fly": {
				"remove": {
					"component_groups": [
						"shapescape_dra:drop"
					]
				},
				"add": {
					"component_groups": [
						"shapescape_dra:fly"
					]
				},
				"set_property": {
					"shapescape_dra:fat_creature": "fly"
				}
			},
			"shapescape_dra:drop": {
				"remove": {
					"component_groups": [
						"shapescape_dra:fly"
					]
				},
				"add": {
					"component_groups": [
						"shapescape_dra:drop"
					]
				},
				"set_property": {
					"shapescape_dra:fat_creature": "drop"
				}
			},
			"shapescape_dra:despawn": {
				"add": {
					"component_groups": [
						"shapescape_dra:despawn"
					]
				}
			}
		}
	}
}