{
	"format_version": "1.20.0",
	"minecraft:entity": {
		"description": {
			"identifier": "shapescape_dra:fire_3_projectile",
			"is_spawnable": false,
			"is_summonable": true,
			"is_experimental": false
		},
		"component_groups": {
			"despawn": {
				"minecraft:instant_despawn": {}
			},
			"explode": {
				"minecraft:is_baby": {},
				"minecraft:explode": {
					"fuse_length": 0.0,
					"fuse_lit": true,
					"destroy_affected_by_griefing": true,
					"fire_affected_by_griefing": true,
					"power": 5,
					"causes_fire": true
				},
				"minecraft:timer": {
					"looping": false,
					"time": 2,
					"time_down_event": {
						"event": "despawn",
						"target": "self"
					}
				}
			}
		},
		"components": {
			"minecraft:type_family": {
				"family": [
					"fire_3_projectile"
				]
			},
			"minecraft:scale": {
				"value": 1.25
			},
			"minecraft:collision_box": {
				"width": 1,
				"height": 1
			},
			"minecraft:projectile": {
				"gravity": 0
			},
			"minecraft:timer": {
				"looping": false,
				"time": 2.0,
				"time_down_event": {
					"event": "explode",
					"target": "self"
				}
			},
			"minecraft:environment_sensor": {
				"triggers": [
					{
						"filters": {
							"any_of": [
								{
									"test": "on_ground",
									"subject": "self",
									"operator": "==",
									"value": true
								},
								{
									"test": "in_water",
									"subject": "self",
									"operator": "==",
									"value": true
								}
							]
						},
						"event": "explode",
						"target": "self"
					}
				]
			},
			"minecraft:damage_sensor": {
				"triggers": [
					{
						"cause": "all",
						"deals_damage": false
					}
				]
			},
			"minecraft:physics": {
				"has_gravity": false,
				"has_collision": false
			},
			"minecraft:pushable": {
				"is_pushable": false,
				"is_pushable_by_piston": false
			},
			"minecraft:conditional_bandwidth_optimization": {
				"default_values": {
					"max_optimized_distance": 80.0,
					"max_dropped_ticks": 7,
					"use_motion_prediction_hints": true
				}
			}
		},
		"events": {
			"despawn": {
				"add": {
					"component_groups": [
						"despawn"
					]
				}
			},
			"explode": {
				"sequence": [
					{
						"filters": {
							"all_of": [
								{
									"test": "has_component",
									"subject": "self",
									"operator": "!=",
									"value": "minecraft:is_baby"
								}
							]
						},
						"add": {
							"component_groups": [
								"explode"
							]
						}
					}
				]
			}
		}
	}
}