{
	"format_version": "1.20.0",
	"minecraft:entity": {
		"description": {
			"is_spawnable": true,
			"properties": {
				"shapescape_dra:attack_type": {
					"default": "attack_breath",
					"client_sync": true,
					"type": "enum",
					"values": [
						"attack_breath",
						"attack_projectile"
					]
				},
				"shapescape_dra:damage": {
					"type": "bool",
					"client_sync": true,
					"default": true
				},
				"shapescape_dra:scale_variant": {
					"type": "float",
					"client_sync": true,
					"default": 1.000001,
					"range": [
						0.95,
						1.05
					]
				},
				"shapescape_dra:shade_variant": {
					"type": "float",
					"client_sync": true,
					"default": 1.000001,
					"range": [
						0.8,
						1.2
					]
				},
				"shapescape_dra:shiny": {
					"type": "bool",
					"client_sync": true,
					"default": false
				}
			},
			"identifier": "shapescape_dra:fire_2_wild",
			"is_summonable": true,
			"is_experimental": false,
			"scripts": {
				"animate": [
					"ac.save_dragon",
					"ac.unsave_dragon",
					"ac.death",
					"ac.transform",
					"ac.flying_speed",
					"ac.equip_saddle",
					"ac.scale_variant",
					"ac.shade_variant",
					"ac.shiny"
				]
			},
			"animations": {
				"ac.save_dragon": "controller.animation.shapescape_dra.fire_2_wild.save_dragon",
				"ac.unsave_dragon": "controller.animation.shapescape_dra.fire_2_wild.unsave_dragon",
				"ac.death": "controller.animation.shapescape_dra.fire_2_wild.death",
				"ac.transform": "controller.animation.shapescape_dra.fire_2_wild.transform",
				"ac.flying_speed": "controller.animation.shapescape_dra.fire_2_wild.flying_speed",
				"ac.equip_saddle": "controller.animation.shapescape_dra.fire_2_wild.equip_saddle",
				"ac.scale_variant": "controller.animation.shapescape_dra.fire_2_wild.scale_variant",
				"ac.shade_variant": "controller.animation.shapescape_dra.fire_2_wild.shade_variant",
				"ac.shiny": "controller.animation.shapescape_dra.dragon.shiny"
			}
		},
		"component_groups": {
			"anchor_movement": {
				"minecraft:variant": {
					"value": 0
				},
				"minecraft:can_fly": {},
				"minecraft:flying_speed": {
					"value": 0.03
				},
				"minecraft:behavior.circle_around_anchor": {
					"priority": 3,
					"radius_change": 1.0,
					"radius_adjustment_chance": 0.004,
					"height_adjustment_chance": 0.002857,
					"goal_radius": 3.0,
					"angle_change": 30,
					"radius_range": [
						10,
						15.0
					],
					"height_offset_range": [
						0,
						0
					],
					"height_above_target_range": [
						20.0,
						20.0
					]
				},
				"minecraft:movement.glide": {
					"start_speed": 0.1,
					"max_turn": 15,
					"speed_when_turning": 0.2
				},
				"minecraft:navigation.fly": {
					"can_path_over_lava": true,
					"can_path_from_air": true,
					"can_path_over_water": true
				}
			},
			"attack_movement": {
				"minecraft:variant": {
					"value": 1
				},
				"minecraft:can_fly": {},
				"minecraft:flying_speed": {
					"value": 0.05
				},
				"minecraft:movement.glide": {
					"start_speed": 0.1,
					"max_turn": 15,
					"speed_when_turning": 0.2
				},
				"minecraft:navigation.fly": {
					"can_path_over_lava": true,
					"can_path_from_air": true,
					"can_path_over_water": true
				}
			},
			"no_egg_in_sight": {
				"minecraft:variant": {
					"value": 2
				},
				"minecraft:can_fly": {},
				"minecraft:flying_speed": {
					"value": 0.03
				},
				"minecraft:movement": {
					"value": 0.03
				},
				"minecraft:behavior.float_wander": {
					"priority": 5,
					"y_dist": 5,
					"xz_dist": 10,
					"must_reach": true,
					"random_reselect": false,
					"y_offset": 0,
					"float_duration": [
						7,
						15
					]
				},
				"minecraft:navigation.float": {
					"can_path_over_lava": true,
					"can_path_from_air": true,
					"can_path_over_water": true
				}
			},
			"attack_breath": {
				"minecraft:target_nearby_sensor": {
					"outside_range": 12,
					"inside_range": 11,
					"must_see": false,
					"on_outside_range": {
						"event": "attack_projectile",
						"target": "self"
					}
				},
				"minecraft:shooter": {
					"def": "shapescape_dra:fire_2_wild_breath"
				},
				"minecraft:behavior.ranged_attack": {
					"priority": 4,
					"charge_charged_trigger": 1,
					"charge_shoot_trigger": 1.5,
					"attack_radius": 20,
					"burst_shots": 30,
					"burst_interval": 0.1
				}
			},
			"attack_projectile": {
				"minecraft:target_nearby_sensor": {
					"inside_range": 11,
					"must_see": false,
					"on_inside_range": {
						"event": "attack_breath",
						"target": "self"
					}
				},
				"minecraft:shooter": {
					"def": "shapescape_dra:fire_2_wild_proj"
				},
				"minecraft:behavior.ranged_attack": {
					"priority": 4,
					"attack_interval": 1,
					"charge_charged_trigger": 1,
					"charge_shoot_trigger": 1.5,
					"attack_radius": 20,
					"burst_shots": 1,
					"burst_interval": 0.1
				}
			},
			"despawn": {
				"minecraft:instant_despawn": {}
			},
			"normal": {
				"minecraft:skin_id": {
					"value": 1
				}
			},
			"shiny": {
				"minecraft:skin_id": {
					"value": 2
				}
			},
			"collision_box": {
				"minecraft:collision_box": {
					"width": 1.5,
					"height": 2.5
				}
			},
			"no_collision_box": {
				"minecraft:collision_box": {
					"width": 0.0,
					"height": 0.0
				}
			},
			"transform": {
				"minecraft:transformation": {
					"into": "shapescape_dra:fire_3_wild",
					"delay": 5,
					"drop_equipment": false,
					"drop_inventory": false,
					"keep_level": true,
					"keep_owner": true,
					"preserve_equipment": true
				},
				"minecraft:rideable": {
					"seat_count": 1,
					"controlling_seat": 0,
					"family_types": [
						""
					],
					"rider_can_interact": false,
					"interact_text": "action.interact.mount",
					"seats": [
						{
							"position": [
								0,
								0,
								0
							]
						}
					]
				}
			},
			"move": {
				"minecraft:behavior.look_at_player": {
					"priority": 6,
					"target_distance": 6.0,
					"probability": 1
				},
				"minecraft:underwater_movement": {
					"value": 0.15,
					"max": 0.15
				},
				"minecraft:movement": {
					"value": 0.2,
					"max": 0.2
				}
			},
			"not_move": {
				"minecraft:movement": {
					"value": 0.0,
					"max": 0.0
				}
			},
			"death": {
				"minecraft:physics": {
					"has_gravity": false
				},
				"minecraft:is_sheared": {}
			}
		},
		"components": {
			"minecraft:pushable": {
				"is_pushable": false,
				"is_pushable_by_piston": false
			},
			"minecraft:behavior.float": {
				"priority": 10
			},
			"minecraft:follow_range": {
				"max": 64,
				"value": 64
			},
			"minecraft:physics": {
				"has_gravity": false
			},
			"minecraft:knockback_resistance": {
				"value": 100,
				"max": 100
			},
			"minecraft:behavior.nearest_prioritized_attackable_target": {
				"priority": 0,
				"must_see": false,
				"reselect_targets": true,
				"within_radius": 32,
				"entity_types": [
					{
						"filters": {
							"any_of": [
								{
									"test": "is_family",
									"subject": "other",
									"value": "player"
								},
								{
									"test": "is_family",
									"subject": "other",
									"value": "shapescape_dra_dragon_hunter"
								}
							]
						},
						"max_dist": 32
					}
				]
			},
			"minecraft:behavior.nearest_attackable_target": {
				"priority": 1,
				"within_radius": 64,
				"must_see": false,
				"reselect_targets": true,
				"entity_types": [
					{
						"filters": {
							"any_of": [
								{
									"test": "is_family",
									"subject": "other",
									"value": "dragon_egg"
								}
							]
						},
						"max_dist": 64
					}
				]
			},
			"minecraft:environment_sensor": {
				"triggers": [
					{
						"filters": {
							"all_of": [
								{
									"test": "actor_health",
									"subject": "self",
									"operator": ">",
									"value": 1
								},
								{
									"any_of": [
										{
											"test": "is_variant",
											"value": 0
										},
										{
											"test": "is_variant",
											"value": 2
										}
									]
								},
								{
									"test": "is_family",
									"subject": "target",
									"operator": "!=",
									"value": "dragon_egg"
								}
							]
						},
						"event": "attack_movement"
					},
					{
						"filters": {
							"all_of": [
								{
									"test": "actor_health",
									"subject": "self",
									"operator": ">",
									"value": 1
								},
								{
									"any_of": [
										{
											"test": "is_variant",
											"value": 1
										},
										{
											"test": "is_variant",
											"value": 2
										}
									]
								},
								{
									"test": "is_family",
									"subject": "target",
									"value": "dragon_egg"
								}
							]
						},
						"event": "anchor_movement"
					},
					{
						"filters": {
							"all_of": [
								{
									"test": "actor_health",
									"subject": "self",
									"operator": ">",
									"value": 1
								},
								{
									"any_of": [
										{
											"test": "is_variant",
											"value": 0
										},
										{
											"test": "is_variant",
											"value": 1
										}
									]
								},
								{
									"test": "has_target",
									"subject": "self",
									"value": false
								}
							]
						},
						"event": "no_egg_in_sight"
					}
				]
			},
			"minecraft:tameable": {
				"probability": 1,
				"tame_items": [
					"shapescape_dra:null"
				],
				"tame_event": {
					"event": "shapescape_dra:null",
					"target": "self"
				}
			},
			"minecraft:behavior.random_stroll": {
				"priority": 8,
				"speed_multiplier": 1.0,
				"interval": 80
			},
			"minecraft:damage_sensor": {
				"triggers": [
					{
						"cause": "fall",
						"deals_damage": false
					},
					{
						"cause": "fire",
						"deals_damage": false
					},
					{
						"cause": "fire_tick",
						"deals_damage": false
					},
					{
						"on_damage": {
							"filters": {
								"all_of": [
									{
										"test": "bool_property",
										"subject": "self",
										"domain": "shapescape_dra:damage",
										"operator": "==",
										"value": false
									}
								]
							}
						},
						"deals_damage": false
					}
				]
			},
			"minecraft:variable_max_auto_step": {
				"base_value": 1.5,
				"controlled_value": 1.5
			},
			"minecraft:attack": {
				"damage": 20
			},
			"minecraft:health": {
				"value": 100,
				"max": 100,
				"min": 1
			},
			"minecraft:jump.static": {},
			"minecraft:behavior.hurt_by_target": {
				"priority": 2
			},
			"minecraft:type_family": {
				"family": [
					"shapescape_dra_mob",
					"shapescape_dra_creature",
					"shapescape_dra_dragon",
					"shapescape_dra_big"
				]
			},
			"minecraft:breathable": {
				"total_supply": 15,
				"suffocate_time": 0
			},
			"minecraft:nameable": {
				"allow_name_tag_renaming": true,
				"always_show": false
			}
		},
		"events": {
			"minecraft:entity_spawned": {
				"add": {
					"component_groups": [
						"anchor_movement",
						"move",
						"collision_box"
					]
				},
				"set_property": {
					"shapescape_dra:damage": true
				}
			},
			"death": {
				"remove": {
					"component_groups": [
						"anchor_movement",
						"attack_movement",
						"no_egg_in_sight",
						"attack_breath",
						"attack_projectile",
						"move"
					]
				},
				"add": {
					"component_groups": [
						"not_move",
						"death"
					]
				},
				"set_property": {
					"shapescape_dra:damage": true
				}
			},
			"attack_movement": {
				"remove": {
					"component_groups": [
						"anchor_movement",
						"no_egg_in_sight"
					]
				},
				"add": {
					"component_groups": [
						"attack_movement",
						"attack_breath",
						"move"
					]
				}
			},
			"anchor_movement": {
				"remove": {
					"component_groups": [
						"no_egg_in_sight",
						"attack_movement",
						"attack_breath",
						"attack_projectile"
					]
				},
				"add": {
					"component_groups": [
						"anchor_movement",
						"move"
					]
				}
			},
			"no_egg_in_sight": {
				"remove": {
					"component_groups": [
						"anchor_movement",
						"attack_movement",
						"attack_breath",
						"attack_projectile"
					]
				},
				"add": {
					"component_groups": [
						"no_egg_in_sight"
					]
				}
			},
			"attack_breath": {
				"add": {
					"component_groups": [
						"attack_breath"
					]
				},
				"remove": {
					"component_groups": [
						"attack_projectile"
					]
				},
				"set_property": {
					"shapescape_dra:attack_type": "attack_breath"
				}
			},
			"attack_projectile": {
				"add": {
					"component_groups": [
						"attack_projectile"
					]
				},
				"remove": {
					"component_groups": [
						"attack_breath"
					]
				},
				"set_property": {
					"shapescape_dra:attack_type": "attack_projectile"
				}
			},
			"minecraft:entity_transformed": {
				"sequence": [
					{
						"add": {
							"component_groups": [
								"attack_breath"
							]
						}
					},
					{
						"filters": {
							"test": "float_property",
							"subject": "other",
							"domain": "shapescape_dra:scale_variant",
							"operator": "==",
							"value": 0.95
						},
						"set_property": {
							"shapescape_dra:scale_variant": 0.95
						}
					},
					{
						"filters": {
							"test": "float_property",
							"subject": "other",
							"domain": "shapescape_dra:scale_variant",
							"operator": "==",
							"value": 1.0
						},
						"set_property": {
							"shapescape_dra:scale_variant": 1.0
						}
					},
					{
						"filters": {
							"test": "float_property",
							"subject": "other",
							"domain": "shapescape_dra:scale_variant",
							"operator": "==",
							"value": 1.05
						},
						"set_property": {
							"shapescape_dra:scale_variant": 1.05
						}
					},
					{
						"filters": {
							"test": "float_property",
							"subject": "other",
							"domain": "shapescape_dra:shade_variant",
							"operator": "==",
							"value": 0.8
						},
						"set_property": {
							"shapescape_dra:shade_variant": 0.8
						}
					},
					{
						"filters": {
							"test": "float_property",
							"subject": "other",
							"domain": "shapescape_dra:shade_variant",
							"operator": "==",
							"value": 1.0
						},
						"set_property": {
							"shapescape_dra:shade_variant": 1.0
						}
					},
					{
						"filters": {
							"test": "float_property",
							"subject": "other",
							"domain": "shapescape_dra:shade_variant",
							"operator": "==",
							"value": 1.2
						},
						"set_property": {
							"shapescape_dra:shade_variant": 1.2
						}
					},
					{
						"add": {
							"component_groups": [
								"collision_box"
							]
						}
					},
					{
						"filters": {
							"test": "is_skin_id",
							"subject": "other",
							"value": 0
						},
						"trigger": "select_rarity"
					},
					{
						"filters": {
							"test": "is_skin_id",
							"subject": "other",
							"value": 1
						},
						"add": {
							"component_groups": [
								"normal"
							]
						}
					},
					{
						"filters": {
							"test": "is_skin_id",
							"subject": "other",
							"value": 2
						},
						"add": {
							"component_groups": [
								"shiny"
							]
						}
					},
					{
						"filters": {
							"test": "has_component",
							"operator": "==",
							"subject": "other",
							"value": "minecraft:is_saddled"
						},
						"add": {
							"component_groups": [
								"is_saddled"
							]
						}
					},
					{
						"filters": {
							"test": "is_mark_variant",
							"operator": "==",
							"subject": "other",
							"value": 0
						},
						"add": {
							"component_groups": [
								"pattern_0"
							]
						}
					},
					{
						"filters": {
							"test": "is_mark_variant",
							"operator": "==",
							"subject": "other",
							"value": 1
						},
						"add": {
							"component_groups": [
								"pattern_1"
							]
						}
					},
					{
						"filters": {
							"test": "is_mark_variant",
							"operator": "==",
							"subject": "other",
							"value": 2
						},
						"add": {
							"component_groups": [
								"pattern_2"
							]
						}
					},
					{
						"filters": {
							"test": "is_mark_variant",
							"operator": "==",
							"subject": "other",
							"value": 3
						},
						"add": {
							"component_groups": [
								"pattern_3"
							]
						}
					},
					{
						"filters": {
							"test": "is_mark_variant",
							"operator": "==",
							"subject": "other",
							"value": 4
						},
						"add": {
							"component_groups": [
								"pattern_4"
							]
						}
					},
					{
						"filters": {
							"test": "is_mark_variant",
							"operator": "==",
							"subject": "other",
							"value": 5
						},
						"add": {
							"component_groups": [
								"pattern_5"
							]
						}
					},
					{
						"filters": {
							"test": "is_mark_variant",
							"operator": "==",
							"subject": "other",
							"value": 6
						},
						"add": {
							"component_groups": [
								"pattern_6"
							]
						}
					},
					{
						"filters": {
							"test": "is_mark_variant",
							"operator": "==",
							"subject": "other",
							"value": 7
						},
						"add": {
							"component_groups": [
								"pattern_7"
							]
						}
					},
					{
						"filters": {
							"test": "is_mark_variant",
							"operator": "==",
							"subject": "other",
							"value": 8
						},
						"add": {
							"component_groups": [
								"pattern_8"
							]
						}
					},
					{
						"filters": {
							"test": "is_mark_variant",
							"operator": "==",
							"subject": "other",
							"value": 9
						},
						"add": {
							"component_groups": [
								"pattern_9"
							]
						}
					},
					{
						"filters": {
							"test": "is_mark_variant",
							"operator": "==",
							"subject": "other",
							"value": 10
						},
						"add": {
							"component_groups": [
								"pattern_10"
							]
						}
					},
					{
						"filters": {
							"test": "is_mark_variant",
							"operator": "==",
							"subject": "other",
							"value": 11
						},
						"add": {
							"component_groups": [
								"pattern_11"
							]
						}
					},
					{
						"filters": {
							"test": "is_mark_variant",
							"operator": "==",
							"subject": "other",
							"value": 12
						},
						"add": {
							"component_groups": [
								"pattern_12"
							]
						}
					},
					{
						"filters": {
							"test": "is_mark_variant",
							"operator": "==",
							"subject": "other",
							"value": 13
						},
						"add": {
							"component_groups": [
								"pattern_13"
							]
						}
					},
					{
						"filters": {
							"test": "is_mark_variant",
							"operator": "==",
							"subject": "other",
							"value": 14
						},
						"add": {
							"component_groups": [
								"pattern_14"
							]
						}
					},
					{
						"filters": {
							"test": "is_mark_variant",
							"operator": "==",
							"subject": "other",
							"value": 15
						},
						"add": {
							"component_groups": [
								"pattern_15"
							]
						}
					},
					{
						"filters": {
							"test": "is_mark_variant",
							"operator": "==",
							"subject": "other",
							"value": 16
						},
						"add": {
							"component_groups": [
								"pattern_16"
							]
						}
					},
					{
						"trigger": "minecraft:entity_spawned"
					}
				]
			},
			"scale_variant": {
				"sequence": [
					{
						"randomize": [
							{
								"weight": 1,
								"set_property": {
									"shapescape_dra:scale_variant": 0.95
								}
							},
							{
								"weight": 1,
								"set_property": {
									"shapescape_dra:scale_variant": 1
								}
							},
							{
								"weight": 1,
								"set_property": {
									"shapescape_dra:scale_variant": 1.05
								}
							}
						]
					}
				]
			},
			"shade_variant": {
				"sequence": [
					{
						"randomize": [
							{
								"weight": 1,
								"set_property": {
									"shapescape_dra:shade_variant": 0.8
								}
							},
							{
								"weight": 1,
								"set_property": {
									"shapescape_dra:shade_variant": 1
								}
							},
							{
								"weight": 1,
								"set_property": {
									"shapescape_dra:shade_variant": 1.2
								}
							}
						]
					}
				]
			},
			"despawn": {
				"add": {
					"component_groups": [
						"despawn"
					]
				}
			},
			"damage_true": {
				"set_property": {
					"shapescape_dra:damage": true
				}
			},
			"damage_false": {
				"set_property": {
					"shapescape_dra:damage": false
				}
			},
			"move": {
				"add": {
					"component_groups": [
						"move"
					]
				},
				"remove": {
					"component_groups": [
						"not_move"
					]
				}
			},
			"not_move": {
				"add": {
					"component_groups": [
						"not_move"
					]
				},
				"remove": {
					"component_groups": [
						"move"
					]
				}
			},
			"collision_box": {
				"add": {
					"component_groups": [
						"collision_box"
					]
				},
				"remove": {
					"component_groups": [
						"no_collision_box"
					]
				}
			},
			"no_collision_box": {
				"add": {
					"component_groups": [
						"no_collision_box"
					]
				},
				"remove": {
					"component_groups": [
						"collision_box"
					]
				}
			},
			"transform": {
				"add": {
					"component_groups": [
						"not_move",
						"transform"
					]
				},
				"remove": {
					"component_groups": [
						"move"
					]
				},
				"set_property": {
					"shapescape_dra:damage": false
				}
			},
			"normal": {
				"remove": {
					"component_groups": [
						"shiny"
					]
				},
				"add": {
					"component_groups": [
						"normal"
					]
				},
				"set_property": {
					"shapescape_dra:shiny": false
				}
			},
			"shiny": {
				"remove": {
					"component_groups": [
						"normal"
					]
				},
				"add": {
					"component_groups": [
						"shiny"
					]
				},
				"set_property": {
					"shapescape_dra:shiny": true
				}
			},
			"select_rarity": {
				"randomize": [
					{
						"weight": 95,
						"add": {
							"component_groups": [
								"normal"
							]
						},
						"set_property": {
							"shapescape_dra:shiny": false
						}
					},
					{
						"weight": 5,
						"add": {
							"component_groups": [
								"shiny"
							]
						},
						"set_property": {
							"shapescape_dra:shiny": true
						}
					}
				]
			}
		}
	}
}