{
	"minecraft:entity": {
		"description": {
			"scripts": {
				"animate": [
					"ac.dragon_ui_trigger",
					"ac.dragon_check_sitting",
					"ac.dragon_check_rider",
					"ac.save_dragon",
					"ac.unsave_dragon",
					"ac.death",
					"ac.transform",
					"ac.flying_speed",
					"ac.equip_saddle",
					"ac.scale_variant",
					"ac.shade_variant",
					"ac.shiny",
					"ac.levelup.trigger",
					{
						"ac.levelup.select_required_item": "!q.is_transforming && q.property('shapescape_dra:allow_levelup')"
					},
					"ac.gift"
				]
			},
			"animations": {
				"ac.dragon_ui_trigger": "controller.animation.shapescape_dra.dragon_ui_trigger",
				"ac.dragon_check_sitting": "controller.animation.shapescape_dra.dragon_check_sitting",
				"ac.dragon_check_rider": "controller.animation.shapescape_dra.dragon_check_rider",
				"ac.save_dragon": "controller.animation.shapescape_dra.fire_1_tamed.save_dragon",
				"ac.unsave_dragon": "controller.animation.shapescape_dra.fire_1_tamed.unsave_dragon",
				"ac.death": "controller.animation.shapescape_dra.fire_1_tamed.death",
				"ac.transform": "controller.animation.shapescape_dra.fire_1_tamed.transform",
				"ac.flying_speed": "controller.animation.shapescape_dra.fire_1_tamed.flying_speed",
				"ac.equip_saddle": "controller.animation.shapescape_dra.fire_1_tamed.equip_saddle",
				"ac.scale_variant": "controller.animation.shapescape_dra.fire_1_tamed.scale_variant",
				"ac.shade_variant": "controller.animation.shapescape_dra.fire_1_tamed.shade_variant",
				"ac.shiny": "controller.animation.shapescape_dra.dragon.shiny",
				"ac.levelup.trigger": "controller.animation.shapescape_dra.dragon.levelup.trigger",
				"ac.levelup.select_required_item": "controller.animation.shapescape_dra.fire_1_tamed.levelup.select_required_item",
				"ac.gift": "controller.animation.shapescape_dra.fire_1_tamed.gift"
			},
			"properties": {
				"shapescape_dra:ui_trigger": {
					"client_sync": false,
					"type": "bool",
					"default": false
				},
				"shapescape_dra:damage": {
					"type": "bool",
					"client_sync": true,
					"default": true
				},
				"shapescape_dra:scale_variant": {
					"type": "float",
					"client_sync": true,
					"default": 1.000001,
					"range": [
						0.95,
						1.05
					]
				},
				"shapescape_dra:shade_variant": {
					"type": "float",
					"client_sync": true,
					"default": 1.000001,
					"range": [
						0.8,
						1.2
					]
				},
				"shapescape_dra:shiny": {
					"type": "bool",
					"client_sync": true,
					"default": false
				},
				"shapescape_dra:allow_levelup": {
					"client_sync": true,
					"type": "bool",
					"default": true
				},
				"shapescape_dra:levelup_items": {
					"client_sync": true,
					"default": "none",
					"type": "enum",
					"values": [
						"none",
						"redstone",
						"flint",
						"spider_eye",
						"iron_ingot",
						"gold_ingot"
					]
				},
				"shapescape_dra:level": {
					"client_sync": true,
					"default": 0,
					"range": [
						0,
						100
					],
					"type": "int"
				}
			},
			"identifier": "shapescape_dra:fire_1_tamed",
			"is_summonable": true,
			"is_experimental": false,
			"is_spawnable": true
		},
		"components": {
			"minecraft:interact": {
				"interactions": [
					{
						"on_interact": {
							"filters": {
								"all_of": [
									{
										"test": "has_tag",
										"subject": "self",
										"operator": "==",
										"value": "shapescape_dra_sitting"
									},
									{
										"test": "all_slots_empty",
										"subject": "other",
										"operator": "==",
										"value": "hand"
									},
									{
										"test": "is_sneaking",
										"subject": "other",
										"operator": "not"
									},
									{
										"test": "rider_count",
										"subject": "self",
										"operator": "equals",
										"value": 0
									}
								]
							},
							"event": "activate_ui_trigger"
						}
					},
					{
						"on_interact": {
							"filters": [
								{
									"any_of": [
										{
											"all_of": [
												{
													"test": "has_equipment",
													"subject": "other",
													"operator": "equals",
													"domain": "hand",
													"value": "redstone"
												},
												{
													"test": "enum_property",
													"subject": "self",
													"domain": "shapescape_dra:levelup_items",
													"value": "redstone"
												},
												{
													"test": "bool_property",
													"subject": "self",
													"domain": "shapescape_dra:allow_levelup",
													"value": true
												}
											]
										},
										{
											"all_of": [
												{
													"test": "has_equipment",
													"subject": "other",
													"operator": "equals",
													"domain": "hand",
													"value": "flint"
												},
												{
													"test": "enum_property",
													"subject": "self",
													"domain": "shapescape_dra:levelup_items",
													"value": "flint"
												},
												{
													"test": "bool_property",
													"subject": "self",
													"domain": "shapescape_dra:allow_levelup",
													"value": true
												}
											]
										},
										{
											"all_of": [
												{
													"test": "has_equipment",
													"subject": "other",
													"operator": "equals",
													"domain": "hand",
													"value": "spider_eye"
												},
												{
													"test": "enum_property",
													"subject": "self",
													"domain": "shapescape_dra:levelup_items",
													"value": "spider_eye"
												},
												{
													"test": "bool_property",
													"subject": "self",
													"domain": "shapescape_dra:allow_levelup",
													"value": true
												}
											]
										},
										{
											"all_of": [
												{
													"test": "has_equipment",
													"subject": "other",
													"operator": "equals",
													"domain": "hand",
													"value": "iron_ingot"
												},
												{
													"test": "enum_property",
													"subject": "self",
													"domain": "shapescape_dra:levelup_items",
													"value": "iron_ingot"
												},
												{
													"test": "bool_property",
													"subject": "self",
													"domain": "shapescape_dra:allow_levelup",
													"value": true
												}
											]
										},
										{
											"all_of": [
												{
													"test": "has_equipment",
													"subject": "other",
													"operator": "equals",
													"domain": "hand",
													"value": "gold_ingot"
												},
												{
													"test": "enum_property",
													"subject": "self",
													"domain": "shapescape_dra:levelup_items",
													"value": "gold_ingot"
												},
												{
													"test": "bool_property",
													"subject": "self",
													"domain": "shapescape_dra:allow_levelup",
													"value": true
												}
											]
										}
									]
								}
							],
							"target": "self",
							"event": "levelup_item_interacted"
						},
						"use_item": true,
						"play_sounds": "burp"
					},
					{
						"on_interact": {
							"filters": {
								"all_of": [
									{
										"test": "is_owner",
										"subject": "other",
										"value": true
									},
									{
										"test": "is_sneak_held",
										"subject": "other",
										"value": false
									},
									{
										"test": "has_equipment",
										"domain": "hand",
										"subject": "other",
										"operator": "not",
										"value": "minecraft:lead"
									}
								]
							}
						},
						"take_item": true,
						"give_item": true,
						"interact_text": "action.interact.fire_1_tamed_gift"
					}
				]
			},
			"minecraft:tameable": {
				"probability": 1,
				"tame_items": [
					"shapescape_dra:null"
				],
				"tame_event": {
					"event": "shapescape_dra:null",
					"target": "self"
				}
			},
			"minecraft:behavior.random_stroll": {
				"priority": 8,
				"speed_multiplier": 1.0,
				"interval": 80
			},
			"minecraft:damage_sensor": {
				"triggers": [
					{
						"cause": "fall",
						"deals_damage": false
					},
					{
						"cause": "fire",
						"deals_damage": false
					},
					{
						"cause": "fire_tick",
						"deals_damage": false
					},
					{
						"on_damage": {
							"filters": {
								"all_of": [
									{
										"test": "bool_property",
										"subject": "self",
										"domain": "shapescape_dra:damage",
										"operator": "==",
										"value": false
									}
								]
							}
						},
						"deals_damage": false
					}
				]
			},
			"minecraft:variable_max_auto_step": {
				"base_value": 1.5,
				"controlled_value": 1.5
			},
			"minecraft:follow_range": {
				"max": 64,
				"value": 64
			},
			"minecraft:attack": {
				"damage": 2
			},
			"minecraft:health": {
				"value": 50,
				"max": 50,
				"min": 1
			},
			"minecraft:knockback_resistance": {
				"max": 100,
				"value": 100
			},
			"minecraft:jump.static": {},
			"minecraft:behavior.hurt_by_target": {
				"priority": 2
			},
			"minecraft:type_family": {
				"family": [
					"shapescape_dra_mob",
					"shapescape_dra_creature",
					"shapescape_dra_dragon",
					"shapescape_dra_big",
					"baby"
				]
			},
			"minecraft:breathable": {
				"total_supply": 15,
				"suffocate_time": 0
			},
			"minecraft:nameable": {
				"allow_name_tag_renaming": true,
				"always_show": false
			},
			"minecraft:behavior.float": {
				"priority": 10
			},
			"minecraft:physics": {},
			"minecraft:movement.basic": {},
			"minecraft:navigation.walk": {},
			"minecraft:is_tamed": {},
			"minecraft:behavior.follow_owner": {
				"priority": 6,
				"speed_multiplier": 1.2,
				"start_distance": 13,
				"stop_distance": 7
			},
			"minecraft:behavior.owner_hurt_by_target": {
				"priority": 1
			},
			"minecraft:behavior.owner_hurt_target": {
				"priority": 2
			},
			"minecraft:leashable": {
				"soft_distance": 4.0,
				"hard_distance": 6.0,
				"max_distance": 10.0
			},
			"minecraft:sittable": {},
			"minecraft:behavior.stay_while_sitting": {
				"priority": 3
			},
			"minecraft:behavior.leap_at_target": {
				"priority": 4,
				"target_dist": 0.4
			},
			"minecraft:pushable": {
				"is_pushable": true,
				"is_pushable_by_piston": true
			},
			"minecraft:custom_hit_test": {
				"hitboxes": [
					{
						"width": 1.5,
						"height": 1,
						"pivot": [
							0,
							1.3,
							0
						]
					}
				]
			},
			"minecraft:healable": {
				"items": [
					{
						"item": "porkchop",
						"heal_amount": 3
					},
					{
						"item": "cooked_porkchop",
						"heal_amount": 8
					},
					{
						"item": "fish",
						"heal_amount": 2
					},
					{
						"item": "salmon",
						"heal_amount": 2
					},
					{
						"item": "clownfish",
						"heal_amount": 1
					},
					{
						"item": "pufferfish",
						"heal_amount": 1
					},
					{
						"item": "cooked_fish",
						"heal_amount": 5
					},
					{
						"item": "cooked_salmon",
						"heal_amount": 6
					},
					{
						"item": "beef",
						"heal_amount": 3
					},
					{
						"item": "cooked_beef",
						"heal_amount": 8
					},
					{
						"item": "chicken",
						"heal_amount": 2
					},
					{
						"item": "cooked_chicken",
						"heal_amount": 6
					},
					{
						"item": "muttonRaw",
						"heal_amount": 2
					},
					{
						"item": "muttonCooked",
						"heal_amount": 6
					},
					{
						"item": "rotten_flesh",
						"heal_amount": 4
					},
					{
						"item": "rabbit",
						"heal_amount": 3
					},
					{
						"item": "cooked_rabbit",
						"heal_amount": 5
					},
					{
						"item": "rabbit_stew",
						"heal_amount": 10
					}
				]
			},
			"minecraft:equippable": {},
			"minecraft:equip_item": {},
			"minecraft:behavior.equip_item": {
				"priority": 0
			},
			"minecraft:shareables": {
				"singular_pickup": true,
				"items": [
					{
						"item": "minecraft:end_portal_frame",
						"want_amount": 1,
						"surplus_amount": 1,
						"priority": 0
					}
				]
			},
			"minecraft:behavior.pickup_items": {
				"priority": 4,
				"max_dist": 10,
				"goal_radius": 2,
				"speed_multiplier": 1.0,
				"pickup_based_on_chance": false,
				"can_pickup_to_hand_or_equipment": true,
				"cooldown_after_being_attacked": 0,
				"pickup_same_items_as_in_hand": false,
				"search_height": 3,
				"can_pickup_any_item": true
			}
		},
		"events": {
			"activate_ui_trigger": {
				"set_property": {
					"shapescape_dra:ui_trigger": true
				}
			},
			"deactivate_ui_trigger": {
				"set_property": {
					"shapescape_dra:ui_trigger": false
				}
			},
			"scale_variant": {
				"sequence": [
					{
						"randomize": [
							{
								"weight": 1,
								"set_property": {
									"shapescape_dra:scale_variant": 0.95
								}
							},
							{
								"weight": 1,
								"set_property": {
									"shapescape_dra:scale_variant": 1
								}
							},
							{
								"weight": 1,
								"set_property": {
									"shapescape_dra:scale_variant": 1.05
								}
							}
						]
					}
				]
			},
			"shade_variant": {
				"sequence": [
					{
						"randomize": [
							{
								"weight": 1,
								"set_property": {
									"shapescape_dra:shade_variant": 0.8
								}
							},
							{
								"weight": 1,
								"set_property": {
									"shapescape_dra:shade_variant": 1
								}
							},
							{
								"weight": 1,
								"set_property": {
									"shapescape_dra:shade_variant": 1.2
								}
							}
						]
					}
				]
			},
			"minecraft:entity_spawned": {
				"add": {
					"component_groups": [
						"move",
						"collision_box",
						"attack"
					]
				},
				"set_property": {
					"shapescape_dra:damage": true
				}
			},
			"despawn": {
				"add": {
					"component_groups": [
						"despawn"
					]
				}
			},
			"damage_true": {
				"set_property": {
					"shapescape_dra:damage": true
				}
			},
			"damage_false": {
				"set_property": {
					"shapescape_dra:damage": false
				}
			},
			"move": {
				"add": {
					"component_groups": [
						"move"
					]
				},
				"remove": {
					"component_groups": [
						"not_move"
					]
				}
			},
			"not_move": {
				"add": {
					"component_groups": [
						"not_move"
					]
				},
				"remove": {
					"component_groups": [
						"move"
					]
				}
			},
			"collision_box": {
				"add": {
					"component_groups": [
						"collision_box"
					]
				},
				"remove": {
					"component_groups": [
						"no_collision_box"
					]
				}
			},
			"no_collision_box": {
				"add": {
					"component_groups": [
						"no_collision_box"
					]
				},
				"remove": {
					"component_groups": [
						"collision_box"
					]
				}
			},
			"death": {
				"add": {
					"component_groups": [
						"not_move",
						"death"
					]
				},
				"remove": {
					"component_groups": [
						"move",
						"attack"
					]
				},
				"set_property": {
					"shapescape_dra:damage": true
				}
			},
			"transform": {
				"add": {
					"component_groups": [
						"not_move",
						"transform"
					]
				},
				"remove": {
					"component_groups": [
						"move",
						"attack"
					]
				},
				"set_property": {
					"shapescape_dra:damage": false
				}
			},
			"minecraft:entity_transformed": {
				"sequence": [
					{
						"filters": {
							"test": "float_property",
							"subject": "other",
							"domain": "shapescape_dra:scale_variant",
							"operator": "==",
							"value": 0.95
						},
						"set_property": {
							"shapescape_dra:scale_variant": 0.95
						}
					},
					{
						"filters": {
							"test": "float_property",
							"subject": "other",
							"domain": "shapescape_dra:scale_variant",
							"operator": "==",
							"value": 1.0
						},
						"set_property": {
							"shapescape_dra:scale_variant": 1.0
						}
					},
					{
						"filters": {
							"test": "float_property",
							"subject": "other",
							"domain": "shapescape_dra:scale_variant",
							"operator": "==",
							"value": 1.05
						},
						"set_property": {
							"shapescape_dra:scale_variant": 1.05
						}
					},
					{
						"filters": {
							"test": "float_property",
							"subject": "other",
							"domain": "shapescape_dra:shade_variant",
							"operator": "==",
							"value": 0.8
						},
						"set_property": {
							"shapescape_dra:shade_variant": 0.8
						}
					},
					{
						"filters": {
							"test": "float_property",
							"subject": "other",
							"domain": "shapescape_dra:shade_variant",
							"operator": "==",
							"value": 1.0
						},
						"set_property": {
							"shapescape_dra:shade_variant": 1.0
						}
					},
					{
						"filters": {
							"test": "float_property",
							"subject": "other",
							"domain": "shapescape_dra:shade_variant",
							"operator": "==",
							"value": 1.2
						},
						"set_property": {
							"shapescape_dra:shade_variant": 1.2
						}
					},
					{
						"add": {
							"component_groups": [
								"collision_box"
							]
						}
					},
					{
						"filters": {
							"test": "is_skin_id",
							"subject": "other",
							"value": 0
						},
						"trigger": "select_rarity"
					},
					{
						"filters": {
							"test": "is_skin_id",
							"subject": "other",
							"value": 1
						},
						"add": {
							"component_groups": [
								"normal"
							]
						}
					},
					{
						"filters": {
							"test": "is_skin_id",
							"subject": "other",
							"value": 2
						},
						"add": {
							"component_groups": [
								"shiny"
							]
						}
					},
					{
						"filters": {
							"test": "has_component",
							"operator": "==",
							"subject": "other",
							"value": "minecraft:is_saddled"
						},
						"add": {
							"component_groups": [
								"is_saddled"
							]
						}
					},
					{
						"filters": {
							"test": "is_mark_variant",
							"operator": "==",
							"subject": "other",
							"value": 0
						},
						"add": {
							"component_groups": [
								"pattern_0"
							]
						}
					},
					{
						"filters": {
							"test": "is_mark_variant",
							"operator": "==",
							"subject": "other",
							"value": 1
						},
						"add": {
							"component_groups": [
								"pattern_1"
							]
						}
					},
					{
						"filters": {
							"test": "is_mark_variant",
							"operator": "==",
							"subject": "other",
							"value": 2
						},
						"add": {
							"component_groups": [
								"pattern_2"
							]
						}
					},
					{
						"filters": {
							"test": "is_mark_variant",
							"operator": "==",
							"subject": "other",
							"value": 3
						},
						"add": {
							"component_groups": [
								"pattern_3"
							]
						}
					},
					{
						"filters": {
							"test": "is_mark_variant",
							"operator": "==",
							"subject": "other",
							"value": 4
						},
						"add": {
							"component_groups": [
								"pattern_4"
							]
						}
					},
					{
						"filters": {
							"test": "is_mark_variant",
							"operator": "==",
							"subject": "other",
							"value": 5
						},
						"add": {
							"component_groups": [
								"pattern_5"
							]
						}
					},
					{
						"filters": {
							"test": "is_mark_variant",
							"operator": "==",
							"subject": "other",
							"value": 6
						},
						"add": {
							"component_groups": [
								"pattern_6"
							]
						}
					},
					{
						"filters": {
							"test": "is_mark_variant",
							"operator": "==",
							"subject": "other",
							"value": 7
						},
						"add": {
							"component_groups": [
								"pattern_7"
							]
						}
					},
					{
						"filters": {
							"test": "is_mark_variant",
							"operator": "==",
							"subject": "other",
							"value": 8
						},
						"add": {
							"component_groups": [
								"pattern_8"
							]
						}
					},
					{
						"filters": {
							"test": "is_mark_variant",
							"operator": "==",
							"subject": "other",
							"value": 9
						},
						"add": {
							"component_groups": [
								"pattern_9"
							]
						}
					},
					{
						"filters": {
							"test": "is_mark_variant",
							"operator": "==",
							"subject": "other",
							"value": 10
						},
						"add": {
							"component_groups": [
								"pattern_10"
							]
						}
					},
					{
						"filters": {
							"test": "is_mark_variant",
							"operator": "==",
							"subject": "other",
							"value": 11
						},
						"add": {
							"component_groups": [
								"pattern_11"
							]
						}
					},
					{
						"filters": {
							"test": "is_mark_variant",
							"operator": "==",
							"subject": "other",
							"value": 12
						},
						"add": {
							"component_groups": [
								"pattern_12"
							]
						}
					},
					{
						"filters": {
							"test": "is_mark_variant",
							"operator": "==",
							"subject": "other",
							"value": 13
						},
						"add": {
							"component_groups": [
								"pattern_13"
							]
						}
					},
					{
						"filters": {
							"test": "is_mark_variant",
							"operator": "==",
							"subject": "other",
							"value": 14
						},
						"add": {
							"component_groups": [
								"pattern_14"
							]
						}
					},
					{
						"filters": {
							"test": "is_mark_variant",
							"operator": "==",
							"subject": "other",
							"value": 15
						},
						"add": {
							"component_groups": [
								"pattern_15"
							]
						}
					},
					{
						"filters": {
							"test": "is_mark_variant",
							"operator": "==",
							"subject": "other",
							"value": 16
						},
						"add": {
							"component_groups": [
								"pattern_16"
							]
						}
					},
					{
						"trigger": "minecraft:entity_spawned"
					}
				]
			},
			"normal": {
				"remove": {
					"component_groups": [
						"shiny"
					]
				},
				"add": {
					"component_groups": [
						"normal"
					]
				},
				"set_property": {
					"shapescape_dra:shiny": false
				}
			},
			"shiny": {
				"remove": {
					"component_groups": [
						"normal"
					]
				},
				"add": {
					"component_groups": [
						"shiny"
					]
				},
				"set_property": {
					"shapescape_dra:shiny": true
				}
			},
			"select_rarity": {
				"randomize": [
					{
						"weight": 95,
						"add": {
							"component_groups": [
								"normal"
							]
						},
						"set_property": {
							"shapescape_dra:shiny": false
						}
					},
					{
						"weight": 5,
						"add": {
							"component_groups": [
								"shiny"
							]
						},
						"set_property": {
							"shapescape_dra:shiny": true
						}
					}
				]
			},
			"levelup_item_interacted": {
				"set_property": {
					"shapescape_dra:level": "q.property('shapescape_dra:level') + 20",
					"shapescape_dra:levelup_items": "none"
				}
			},
			"allow_levelup": {
				"set_property": {
					"shapescape_dra:allow_levelup": true
				}
			},
			"deny_levelup": {
				"set_property": {
					"shapescape_dra:allow_levelup": false
				}
			},
			"levelup_item_set_redstone": {
				"set_property": {
					"shapescape_dra:levelup_items": "redstone"
				}
			},
			"levelup_item_set_flint": {
				"set_property": {
					"shapescape_dra:levelup_items": "flint"
				}
			},
			"levelup_item_set_spider_eye": {
				"set_property": {
					"shapescape_dra:levelup_items": "spider_eye"
				}
			},
			"levelup_item_set_iron_ingot": {
				"set_property": {
					"shapescape_dra:levelup_items": "iron_ingot"
				}
			},
			"levelup_item_set_gold_ingot": {
				"set_property": {
					"shapescape_dra:levelup_items": "gold_ingot"
				}
			},
			"pattern_0": {
				"sequence": [
					{
						"remove": {
							"component_groups": [
								"pattern_0",
								"pattern_1",
								"pattern_2",
								"pattern_3",
								"pattern_4",
								"pattern_5",
								"pattern_6",
								"pattern_7",
								"pattern_8",
								"pattern_9",
								"pattern_10",
								"pattern_11",
								"pattern_12",
								"pattern_13",
								"pattern_14",
								"pattern_15",
								"pattern_16"
							]
						}
					},
					{
						"add": {
							"component_groups": [
								"pattern_0"
							]
						}
					}
				]
			},
			"pattern_1": {
				"sequence": [
					{
						"remove": {
							"component_groups": [
								"pattern_0",
								"pattern_1",
								"pattern_2",
								"pattern_3",
								"pattern_4",
								"pattern_5",
								"pattern_6",
								"pattern_7",
								"pattern_8",
								"pattern_9",
								"pattern_10",
								"pattern_11",
								"pattern_12",
								"pattern_13",
								"pattern_14",
								"pattern_15",
								"pattern_16"
							]
						}
					},
					{
						"add": {
							"component_groups": [
								"pattern_1"
							]
						}
					}
				]
			},
			"pattern_2": {
				"sequence": [
					{
						"remove": {
							"component_groups": [
								"pattern_0",
								"pattern_1",
								"pattern_2",
								"pattern_3",
								"pattern_4",
								"pattern_5",
								"pattern_6",
								"pattern_7",
								"pattern_8",
								"pattern_9",
								"pattern_10",
								"pattern_11",
								"pattern_12",
								"pattern_13",
								"pattern_14",
								"pattern_15",
								"pattern_16"
							]
						}
					},
					{
						"add": {
							"component_groups": [
								"pattern_2"
							]
						}
					}
				]
			},
			"pattern_3": {
				"sequence": [
					{
						"remove": {
							"component_groups": [
								"pattern_0",
								"pattern_1",
								"pattern_2",
								"pattern_3",
								"pattern_4",
								"pattern_5",
								"pattern_6",
								"pattern_7",
								"pattern_8",
								"pattern_9",
								"pattern_10",
								"pattern_11",
								"pattern_12",
								"pattern_13",
								"pattern_14",
								"pattern_15",
								"pattern_16"
							]
						}
					},
					{
						"add": {
							"component_groups": [
								"pattern_3"
							]
						}
					}
				]
			},
			"pattern_4": {
				"sequence": [
					{
						"remove": {
							"component_groups": [
								"pattern_0",
								"pattern_1",
								"pattern_2",
								"pattern_3",
								"pattern_4",
								"pattern_5",
								"pattern_6",
								"pattern_7",
								"pattern_8",
								"pattern_9",
								"pattern_10",
								"pattern_11",
								"pattern_12",
								"pattern_13",
								"pattern_14",
								"pattern_15",
								"pattern_16"
							]
						}
					},
					{
						"add": {
							"component_groups": [
								"pattern_4"
							]
						}
					}
				]
			},
			"pattern_5": {
				"sequence": [
					{
						"remove": {
							"component_groups": [
								"pattern_0",
								"pattern_1",
								"pattern_2",
								"pattern_3",
								"pattern_4",
								"pattern_5",
								"pattern_6",
								"pattern_7",
								"pattern_8",
								"pattern_9",
								"pattern_10",
								"pattern_11",
								"pattern_12",
								"pattern_13",
								"pattern_14",
								"pattern_15",
								"pattern_16"
							]
						}
					},
					{
						"add": {
							"component_groups": [
								"pattern_5"
							]
						}
					}
				]
			},
			"pattern_6": {
				"sequence": [
					{
						"remove": {
							"component_groups": [
								"pattern_0",
								"pattern_1",
								"pattern_2",
								"pattern_3",
								"pattern_4",
								"pattern_5",
								"pattern_6",
								"pattern_7",
								"pattern_8",
								"pattern_9",
								"pattern_10",
								"pattern_11",
								"pattern_12",
								"pattern_13",
								"pattern_14",
								"pattern_15",
								"pattern_16"
							]
						}
					},
					{
						"add": {
							"component_groups": [
								"pattern_6"
							]
						}
					}
				]
			},
			"pattern_7": {
				"sequence": [
					{
						"remove": {
							"component_groups": [
								"pattern_0",
								"pattern_1",
								"pattern_2",
								"pattern_3",
								"pattern_4",
								"pattern_5",
								"pattern_6",
								"pattern_7",
								"pattern_8",
								"pattern_9",
								"pattern_10",
								"pattern_11",
								"pattern_12",
								"pattern_13",
								"pattern_14",
								"pattern_15",
								"pattern_16"
							]
						}
					},
					{
						"add": {
							"component_groups": [
								"pattern_7"
							]
						}
					}
				]
			},
			"pattern_8": {
				"sequence": [
					{
						"remove": {
							"component_groups": [
								"pattern_0",
								"pattern_1",
								"pattern_2",
								"pattern_3",
								"pattern_4",
								"pattern_5",
								"pattern_6",
								"pattern_7",
								"pattern_8",
								"pattern_9",
								"pattern_10",
								"pattern_11",
								"pattern_12",
								"pattern_13",
								"pattern_14",
								"pattern_15",
								"pattern_16"
							]
						}
					},
					{
						"add": {
							"component_groups": [
								"pattern_8"
							]
						}
					}
				]
			},
			"pattern_9": {
				"sequence": [
					{
						"remove": {
							"component_groups": [
								"pattern_0",
								"pattern_1",
								"pattern_2",
								"pattern_3",
								"pattern_4",
								"pattern_5",
								"pattern_6",
								"pattern_7",
								"pattern_8",
								"pattern_9",
								"pattern_10",
								"pattern_11",
								"pattern_12",
								"pattern_13",
								"pattern_14",
								"pattern_15",
								"pattern_16"
							]
						}
					},
					{
						"add": {
							"component_groups": [
								"pattern_9"
							]
						}
					}
				]
			},
			"pattern_10": {
				"sequence": [
					{
						"remove": {
							"component_groups": [
								"pattern_0",
								"pattern_1",
								"pattern_2",
								"pattern_3",
								"pattern_4",
								"pattern_5",
								"pattern_6",
								"pattern_7",
								"pattern_8",
								"pattern_9",
								"pattern_10",
								"pattern_11",
								"pattern_12",
								"pattern_13",
								"pattern_14",
								"pattern_15",
								"pattern_16"
							]
						}
					},
					{
						"add": {
							"component_groups": [
								"pattern_10"
							]
						}
					}
				]
			},
			"pattern_11": {
				"sequence": [
					{
						"remove": {
							"component_groups": [
								"pattern_0",
								"pattern_1",
								"pattern_2",
								"pattern_3",
								"pattern_4",
								"pattern_5",
								"pattern_6",
								"pattern_7",
								"pattern_8",
								"pattern_9",
								"pattern_10",
								"pattern_11",
								"pattern_12",
								"pattern_13",
								"pattern_14",
								"pattern_15",
								"pattern_16"
							]
						}
					},
					{
						"add": {
							"component_groups": [
								"pattern_11"
							]
						}
					}
				]
			},
			"pattern_12": {
				"sequence": [
					{
						"remove": {
							"component_groups": [
								"pattern_0",
								"pattern_1",
								"pattern_2",
								"pattern_3",
								"pattern_4",
								"pattern_5",
								"pattern_6",
								"pattern_7",
								"pattern_8",
								"pattern_9",
								"pattern_10",
								"pattern_11",
								"pattern_12",
								"pattern_13",
								"pattern_14",
								"pattern_15",
								"pattern_16"
							]
						}
					},
					{
						"add": {
							"component_groups": [
								"pattern_12"
							]
						}
					}
				]
			},
			"pattern_13": {
				"sequence": [
					{
						"remove": {
							"component_groups": [
								"pattern_0",
								"pattern_1",
								"pattern_2",
								"pattern_3",
								"pattern_4",
								"pattern_5",
								"pattern_6",
								"pattern_7",
								"pattern_8",
								"pattern_9",
								"pattern_10",
								"pattern_11",
								"pattern_12",
								"pattern_13",
								"pattern_14",
								"pattern_15",
								"pattern_16"
							]
						}
					},
					{
						"add": {
							"component_groups": [
								"pattern_13"
							]
						}
					}
				]
			},
			"pattern_14": {
				"sequence": [
					{
						"remove": {
							"component_groups": [
								"pattern_0",
								"pattern_1",
								"pattern_2",
								"pattern_3",
								"pattern_4",
								"pattern_5",
								"pattern_6",
								"pattern_7",
								"pattern_8",
								"pattern_9",
								"pattern_10",
								"pattern_11",
								"pattern_12",
								"pattern_13",
								"pattern_14",
								"pattern_15",
								"pattern_16"
							]
						}
					},
					{
						"add": {
							"component_groups": [
								"pattern_14"
							]
						}
					}
				]
			},
			"pattern_15": {
				"sequence": [
					{
						"remove": {
							"component_groups": [
								"pattern_0",
								"pattern_1",
								"pattern_2",
								"pattern_3",
								"pattern_4",
								"pattern_5",
								"pattern_6",
								"pattern_7",
								"pattern_8",
								"pattern_9",
								"pattern_10",
								"pattern_11",
								"pattern_12",
								"pattern_13",
								"pattern_14",
								"pattern_15",
								"pattern_16"
							]
						}
					},
					{
						"add": {
							"component_groups": [
								"pattern_15"
							]
						}
					}
				]
			},
			"pattern_16": {
				"sequence": [
					{
						"remove": {
							"component_groups": [
								"pattern_0",
								"pattern_1",
								"pattern_2",
								"pattern_3",
								"pattern_4",
								"pattern_5",
								"pattern_6",
								"pattern_7",
								"pattern_8",
								"pattern_9",
								"pattern_10",
								"pattern_11",
								"pattern_12",
								"pattern_13",
								"pattern_14",
								"pattern_15",
								"pattern_16"
							]
						}
					},
					{
						"add": {
							"component_groups": [
								"pattern_16"
							]
						}
					}
				]
			}
		},
		"component_groups": {
			"despawn": {
				"minecraft:instant_despawn": {}
			},
			"normal": {
				"minecraft:skin_id": {
					"value": 1
				}
			},
			"shiny": {
				"minecraft:skin_id": {
					"value": 2
				}
			},
			"collision_box": {
				"minecraft:collision_box": {
					"width": 1,
					"height": 2
				}
			},
			"no_collision_box": {
				"minecraft:collision_box": {
					"width": 0.0,
					"height": 0.0
				}
			},
			"transform": {
				"minecraft:transformation": {
					"into": "shapescape_dra:fire_2_tamed",
					"delay": 5,
					"drop_equipment": true,
					"drop_inventory": true,
					"keep_level": true,
					"keep_owner": true,
					"preserve_equipment": false
				},
				"minecraft:rideable": {
					"seat_count": 1,
					"controlling_seat": 0,
					"family_types": [
						""
					],
					"rider_can_interact": false,
					"interact_text": "action.interact.mount",
					"seats": [
						{
							"position": [
								0,
								0,
								0
							]
						}
					]
				}
			},
			"move": {
				"minecraft:behavior.look_at_player": {
					"priority": 6,
					"target_distance": 6.0,
					"probability": 1
				},
				"minecraft:underwater_movement": {
					"value": 0.15,
					"max": 0.15
				},
				"minecraft:movement": {
					"value": 0.2,
					"max": 0.2
				}
			},
			"not_move": {
				"minecraft:movement": {
					"value": 0.0,
					"max": 0.0
				}
			},
			"death": {
				"minecraft:physics": {
					"has_gravity": false
				},
				"minecraft:is_sheared": {}
			},
			"attack": {
				"minecraft:behavior.melee_attack": {
					"priority": 5
				},
				"minecraft:behavior.nearest_attackable_target": {
					"priority": 5,
					"must_see": true,
					"entity_types": [
						{
							"filters": {
								"test": "is_family",
								"subject": "other",
								"value": "skeleton"
							},
							"max_dist": 16
						}
					]
				}
			},
			"pattern_0": {
				"minecraft:mark_variant": {
					"value": 0
				}
			},
			"pattern_1": {
				"minecraft:mark_variant": {
					"value": 1
				}
			},
			"pattern_2": {
				"minecraft:mark_variant": {
					"value": 2
				}
			},
			"pattern_3": {
				"minecraft:mark_variant": {
					"value": 3
				}
			},
			"pattern_4": {
				"minecraft:mark_variant": {
					"value": 4
				}
			},
			"pattern_5": {
				"minecraft:mark_variant": {
					"value": 5
				}
			},
			"pattern_6": {
				"minecraft:mark_variant": {
					"value": 6
				}
			},
			"pattern_7": {
				"minecraft:mark_variant": {
					"value": 7
				}
			},
			"pattern_8": {
				"minecraft:mark_variant": {
					"value": 8
				}
			},
			"pattern_9": {
				"minecraft:mark_variant": {
					"value": 9
				}
			},
			"pattern_10": {
				"minecraft:mark_variant": {
					"value": 10
				}
			},
			"pattern_11": {
				"minecraft:mark_variant": {
					"value": 11
				}
			},
			"pattern_12": {
				"minecraft:mark_variant": {
					"value": 12
				}
			},
			"pattern_13": {
				"minecraft:mark_variant": {
					"value": 13
				}
			},
			"pattern_14": {
				"minecraft:mark_variant": {
					"value": 14
				}
			},
			"pattern_15": {
				"minecraft:mark_variant": {
					"value": 15
				}
			},
			"pattern_16": {
				"minecraft:mark_variant": {
					"value": 16
				}
			}
		}
	},
	"format_version": "1.20.0"
}