{
	"format_version": "1.20.80",
	"minecraft:entity": {
		"description": {
			"identifier": "shapescape_dra:longneck_creature",
			"is_spawnable": true,
			"is_summonable": true,
			"is_experimental": false,
			"location": [],
			"properties": {
				"shapescape_dra:longneck_state": {
					"client_sync": true,
					"default": "idle",
					"type": "enum",
					"values": [
						"idle",
						"neck_hide",
						"attack"
					]
				}
			}
		},
		"component_groups": {
			"shapescape_dra:neck_hide": {
				"minecraft:environment_sensor": {
					"triggers": [
						{
							"event": "shapescape_dra:neck_reveal",
							"target": "self",
							"filters": {
								"any_of": [
									{
										"test": "distance_to_nearest_player",
										"subject": "self",
										"operator": ">",
										"value": 8
									},
									{
										"test": "is_leashed",
										"value": true
									}
								]
							}
						}
					]
				},
				"minecraft:movement": {
					"value": 0,
					"max": 0
				},
				"minecraft:body_rotation_blocked": {}
			},
			"shapescape_dra:neck_reveal": {
				"minecraft:timer": {
					"time": 2,
					"looping": true,
					"time_down_event": {
						"event": "shapescape_dra:idle",
						"target": "self"
					}
				}
			},
			"shapescape_dra:idle": {
				"minecraft:movement": {
					"value": 0.17,
					"max": 0.17
				},
				"minecraft:environment_sensor": {
					"triggers": [
						{
							"event": "shapescape_dra:neck_hide",
							"target": "self",
							"filters": {
								"all_of": {
									"all_of": [
										{
											"test": "distance_to_nearest_player",
											"subject": "self",
											"operator": "<=",
											"value": 8
										},
										{
											"test": "is_leashed",
											"value": false
										}
									]
								}
							}
						}
					]
				}
			},
			"shapescape_dra:despawn": {
				"minecraft:instant_despawn": {}
			}
		},
		"components": {
			"minecraft:knockback_resistance": {
				"value": 1,
				"max": 1
			},
			"minecraft:experience_reward": {
				"on_death": "query.last_hit_by_player ? 2 + Math.Random(1,3) : 0"
			},
			"minecraft:type_family": {
				"family": [
					"shapescape_dra_mob",
					"shapescape_dra_creature",
					"mob",
					"longneck"
				]
			},
			"minecraft:loot": {
				"table": "loot_tables/shapescape/dra/longneck_creature.loot.json"
			},
			"minecraft:breathable": {
				"total_supply": 15,
				"suffocate_time": 0
			},
			"minecraft:health": {
				"value": 15,
				"max": 15
			},
			"minecraft:navigation.walk": {
				"can_path_over_water": true,
				"avoid_water": true,
				"avoid_damage_blocks": true
			},
			"minecraft:movement.basic": {},
			"minecraft:jump.static": {},
			"minecraft:can_climb": {},
			"minecraft:collision_box": {
				"width": 0.7,
				"height": 1.5
			},
			"minecraft:behavior.hurt_by_target": {
				"priority": 1,
				"hurt_owner": true
			},
			"minecraft:behavior.float": {
				"priority": 2
			},
			"minecraft:behavior.random_stroll": {
				"priority": 7,
				"speed_multiplier": 1.0
			},
			"minecraft:behavior.look_at_player": {
				"priority": 8,
				"look_distance": 6.0,
				"probability": 0.02
			},
			"minecraft:behavior.random_look_around": {
				"priority": 9
			},
			"minecraft:hurt_on_condition": {
				"damage_conditions": [
					{
						"filters": {
							"test": "in_lava",
							"subject": "self",
							"operator": "==",
							"value": true
						},
						"cause": "lava",
						"damage_per_tick": 4
					}
				]
			},
			"minecraft:balloonable": {
				"mass": 0.9
			},
			"minecraft:physics": {},
			"minecraft:pushable": {
				"is_pushable": true,
				"is_pushable_by_piston": true
			},
			"minecraft:nameable": {},
			"minecraft:is_hidden_when_invisible": {},
			"minecraft:despawn": {
				"despawn_from_distance": {}
			},
			"minecraft:conditional_bandwidth_optimization": {},
			"minecraft:leashable": {
				"soft_distance": 4.0,
				"hard_distance": 6.0,
				"max_distance": 10.0
			}
		},
		"events": {
			"minecraft:entity_spawned": {
				"set_property": {
					"shapescape_dra:longneck_state": "idle"
				},
				"add": {
					"component_groups": [
						"shapescape_dra:idle"
					]
				}
			},
			"shapescape_dra:idle": {
				"remove": {
					"component_groups": [
						"shapescape_dra:neck_hide",
						"shapescape_dra:neck_reveal"
					]
				},
				"add": {
					"component_groups": [
						"shapescape_dra:idle"
					]
				},
				"set_property": {
					"shapescape_dra:longneck_state": "idle"
				}
			},
			"shapescape_dra:neck_hide": {
				"remove": {
					"component_groups": [
						"shapescape_dra:idle",
						"shapescape_dra:neck_reveal"
					]
				},
				"add": {
					"component_groups": [
						"shapescape_dra:neck_hide"
					]
				},
				"set_property": {
					"shapescape_dra:longneck_state": "neck_hide"
				}
			},
			"shapescape_dra:neck_reveal": {
				"remove": {
					"component_groups": [
						"shapescape_dra:idle",
						"shapescape_dra:neck_hide"
					]
				},
				"add": {
					"component_groups": [
						"shapescape_dra:neck_reveal"
					]
				},
				"set_property": {
					"shapescape_dra:longneck_state": "idle"
				}
			},
			"shapescape_dra:despawn": {
				"add": {
					"component_groups": [
						"shapescape_dra:despawn"
					]
				}
			}
		}
	}
}