{
	"format_version": "1.21.50",
	"minecraft:entity": {
		"description": {
			"identifier": "shapescape_dra:net_crossbow_proj",
			"is_spawnable": false,
			"is_summonable": true,
			"is_experimental": false,
			"location": []
		},
		"component_groups": {
			"shapescape_dra:despawn": {
				"minecraft:instant_despawn": {}
			},
			"shapescape_dra:shot": {
				"minecraft:timer": {
					"looping": false,
					"time": 3.0,
					"time_down_event": {
						"event": "shapescape_dra:despawn",
						"target": "self"
					}
				},
				"minecraft:entity_sensor": {
					"find_players_only": false,
					"relative_range": false,
					"subsensors": [
						{
							"event": "shapescape_dra:hit",
							"cooldown": 0,
							"y_offset": 0,
							"range": [
								0.8,
								0.5
							],
							"minimum_count": 1,
							"event_filters": {
								"all_of": [
									{
										"test": "is_family",
										"subject": "other",
										"operator": "!=",
										"value": "projectile"
									},
									{
										"test": "is_family",
										"subject": "other",
										"operator": "!=",
										"value": "inanimate"
									},
									{
										"test": "is_family",
										"subject": "other",
										"operator": "!=",
										"value": "dummy"
									},
									{
										"test": "is_family",
										"subject": "other",
										"operator": "!=",
										"value": "item"
									},
									{
										"test": "is_owner",
										"subject": "other",
										"value": false
									}
								]
							}
						}
					]
				}
			}
		},
		"components": {
			"minecraft:tamemount": {
				"attempt_temper_mod": 100,
				"max_temper": 100,
				"min_temper": 0,
				"tame_event": {
					"event": "shapescape_dra:nothing",
					"target": "self"
				}
			},
			"minecraft:rideable": {
				"controlling_seat": 0,
				"crouching_skip_interact": true,
				"family_types": [],
				"interact_text": "",
				"pull_in_entities": false,
				"rider_can_interact": false,
				"seat_count": 1
			},
			"minecraft:type_family": {
				"family": [
					"net_crossbow_proj",
					"projectile"
				]
			},
			"minecraft:scale": {
				"value": 1.0
			},
			"minecraft:collision_box": {
				"width": 0.1,
				"height": 0.1
			},
			"minecraft:damage_sensor": {
				"triggers": [
					{
						"cause": "all",
						"deals_damage": "no"
					}
				]
			},
			"minecraft:physics": {
				"has_gravity": true,
				"has_collision": true
			},
			"minecraft:pushable": {
				"is_pushable": false,
				"is_pushable_by_piston": true
			},
			"minecraft:conditional_bandwidth_optimization": {
				"default_values": {
					"max_optimized_distance": 80.0,
					"max_dropped_ticks": 7,
					"use_motion_prediction_hints": true
				}
			}
		},
		"events": {
			"minecraft:entity_spawned": {
				"add": {
					"component_groups": [
						"shapescape_dra:shot"
					]
				}
			},
			"shapescape_dra:despawn": {
				"add": {
					"component_groups": [
						"shapescape_dra:despawn"
					]
				}
			},
			"shapescape_dra:hit": {
				"remove": {
					"component_groups": [
						"shapescape_dra:shot"
					]
				},
				"queue_command": {
					"command": [
						"scriptevent shapescape_dra:net_crossbow_proj hit"
					]
				}
			}
		}
	}
}