{
	"format_version": "1.21.50",
	"minecraft:entity": {
		"description": {
			"identifier": "shapescape_dra:net_crossbow_proj_dummy",
			"is_spawnable": false,
			"is_summonable": true,
			"is_experimental": false,
			"location": []
		},
		"component_groups": {
			"shapescape_dra:despawn": {
				"minecraft:instant_despawn": {}
			}
		},
		"components": {
			"minecraft:type_family": {
				"family": [
					"net_crossbow_proj_dummy",
					"projectile",
					"dummy",
					"inanimate"
				]
			},
			"minecraft:scale": {
				"value": 1.0
			},
			"minecraft:collision_box": {
				"width": 0.0,
				"height": 0.0
			},
			"minecraft:projectile": {
				"power": 0
			},
			"minecraft:timer": {
				"looping": false,
				"time": 0.5,
				"time_down_event": {
					"event": "shapescape_dra:despawn",
					"target": "self"
				}
			},
			"minecraft:damage_sensor": {
				"triggers": [
					{
						"cause": "all",
						"deals_damage": "no"
					}
				]
			},
			"minecraft:physics": {
				"has_gravity": true,
				"has_collision": true
			},
			"minecraft:pushable": {
				"is_pushable": false,
				"is_pushable_by_piston": true
			},
			"minecraft:conditional_bandwidth_optimization": {
				"default_values": {
					"max_optimized_distance": 80.0,
					"max_dropped_ticks": 7,
					"use_motion_prediction_hints": true
				}
			}
		},
		"events": {
			"shapescape_dra:despawn": {
				"add": {
					"component_groups": [
						"shapescape_dra:despawn"
					]
				}
			}
		}
	}
}