{
	"format_version": "1.21.0",
	"minecraft:entity": {
		"description": {
			"identifier": "shapescape_dra:poison_3_spikes",
			"is_experimental": false,
			"is_spawnable": false,
			"is_summonable": true,
			"animations": {
				"a.damage": "animation.shapescape_dra.poison_3_spikes.effect"
			},
			"scripts": {
				"animate": [
					{
						"a.damage": "q.is_sheared"
					}
				]
			}
		},
		"component_groups": {
			"shapescape_dra:despawn": {
				"minecraft:instant_despawn": {}
			},
			"shapescape_dra:delay": {
				"minecraft:timer": {
					"time": [
						0.05,
						0.3
					],
					"looping": true,
					"time_down_event": {
						"event": "shapescape_dra:damage"
					}
				}
			},
			"shapescape_dra:damage": {
				"minecraft:area_attack": {
					"damage_per_tick": 10,
					"damage_range": 1,
					"cause": "all",
					"entity_filter": {
						"all_of": [
							{
								"test": "is_family",
								"operator": "!=",
								"subject": "other",
								"value": "shapescape_dra_poison_3_tamed"
							},
							{
								"test": "is_family",
								"operator": "!=",
								"subject": "other",
								"value": "shapescape_dra_poison_3_spikes"
							}
						]
					}
				},
				"minecraft:is_sheared": {}
			}
		},
		"components": {
			"minecraft:type_family": {
				"family": [
					"shapescape_dra_poison_3_spikes"
				]
			},
			"minecraft:collision_box": {
				"height": 0,
				"width": 0
			},
			"minecraft:health": {
				"max": 1000,
				"value": 1000,
				"min": 1
			},
			"minecraft:knockback_resistance": {
				"max": 1000,
				"value": 1000
			},
			"minecraft:damage_sensor": {
				"triggers": [
					{
						"deals_damage": false
					}
				]
			},
			"minecraft:physics": {
				"has_collision": false,
				"has_gravity": false
			},
			"minecraft:pushable": {
				"is_pushable": false,
				"is_pushable_by_piston": false
			}
		},
		"events": {
			"minecraft:entity_spawned": {
				"add": {
					"component_groups": [
						"shapescape_dra:delay"
					]
				}
			},
			"shapescape_dra:damage": {
				"add": {
					"component_groups": [
						"shapescape_dra:damage"
					]
				},
				"remove": {
					"component_groups": [
						"shapescape_dra:delay"
					]
				}
			},
			"shapescape_dra:despawn": {
				"add": {
					"component_groups": [
						"shapescape_dra:despawn"
					]
				}
			}
		}
	}
}