{
	"format_version": "1.20.80",
	"minecraft:entity": {
		"description": {
			"identifier": "shapescape_dra:puffer_creature",
			"is_spawnable": true,
			"is_summonable": true,
			"is_experimental": false,
			"location": [],
			"properties": {
				"shapescape_dra:puffer_creature_state": {
					"client_sync": true,
					"default": "idle",
					"type": "enum",
					"values": [
						"idle",
						"puff"
					]
				}
			}
		},
		"component_groups": {
			"shapescape_dra:despawn": {
				"minecraft:instant_despawn": {}
			},
			"shapescape_dra:unlock_movement": {
				"minecraft:movement": {
					"value": 0.19,
					"max": 0.19
				}
			},
			"shapescape_dra:lock_movement": {
				"minecraft:movement": {
					"value": 0.0,
					"max": 0.0
				}
			},
			"shapescape_dra:puff": {
				"minecraft:body_rotation_blocked": {},
				"minecraft:area_attack": {
					"damage_range": 1.75,
					"damage_per_tick": 2,
					"damage_cooldown": 0.25,
					"cause": "contact",
					"entity_filter": {
						"any_of": [
							{
								"test": "is_family",
								"subject": "other",
								"value": "player"
							},
							{
								"test": "is_family",
								"subject": "other",
								"value": "monster"
							}
						]
					}
				},
				"minecraft:timer": {
					"time": 5,
					"looping": true,
					"time_down_event": {
						"filters": {
							"all_of": [
								{
									"test": "distance_to_nearest_player",
									"subject": "self",
									"operator": ">",
									"value": 10
								}
							]
						},
						"event": "shapescape_dra:idle",
						"target": "self"
					}
				}
			},
			"shapescape_dra:idle": {
				"minecraft:behavior.look_at_player": {
					"priority": 8,
					"look_distance": 6.0,
					"probability": 0.02
				},
				"minecraft:behavior.random_stroll": {
					"priority": 7,
					"speed_multiplier": 1.0
				},
				"minecraft:behavior.random_look_around": {
					"priority": 9
				}
			}
		},
		"components": {
			"minecraft:leashable": {
				"soft_distance": 4.0,
				"hard_distance": 6.0,
				"max_distance": 10.0
			},
			"minecraft:type_family": {
				"family": [
					"shapescape_dra_mob",
					"shapescape_dra_creature",
					"mob",
					"puffer_creature"
				]
			},
			"minecraft:experience_reward": {
				"on_death": "query.last_hit_by_player ? Math.Random(1,3) : 0"
			},
			"minecraft:loot": {
				"table": "loot_tables/shapescape/dra/puffer_creature.loot.json"
			},
			"minecraft:breathable": {
				"total_supply": 15,
				"suffocate_time": 0
			},
			"minecraft:health": {
				"value": 15,
				"max": 15
			},
			"minecraft:navigation.walk": {
				"can_path_over_water": true,
				"avoid_water": true,
				"avoid_damage_blocks": true
			},
			"minecraft:movement.basic": {},
			"minecraft:jump.static": {},
			"minecraft:can_climb": {},
			"minecraft:collision_box": {
				"width": 1.2,
				"height": 1.2
			},
			"minecraft:on_hurt": {
				"target": "self",
				"event": "shapescape_dra:puff"
			},
			"minecraft:on_hurt_by_player": {
				"target": "self",
				"event": "shapescape_dra:puff"
			},
			"minecraft:behavior.float": {
				"priority": 2
			},
			"minecraft:hurt_on_condition": {
				"damage_conditions": [
					{
						"filters": {
							"test": "in_lava",
							"subject": "self",
							"operator": "==",
							"value": true
						},
						"cause": "lava",
						"damage_per_tick": 4
					}
				]
			},
			"minecraft:physics": {},
			"minecraft:pushable": {
				"is_pushable": true,
				"is_pushable_by_piston": true
			},
			"minecraft:nameable": {},
			"minecraft:is_hidden_when_invisible": {},
			"minecraft:despawn": {
				"despawn_from_distance": {}
			},
			"minecraft:conditional_bandwidth_optimization": {}
		},
		"events": {
			"minecraft:entity_spawned": {
				"trigger": "shapescape_dra:idle"
			},
			"shapescape_dra:idle": {
				"add": {
					"component_groups": [
						"shapescape_dra:idle"
					]
				},
				"remove": {
					"component_groups": [
						"shapescape_dra:puff"
					]
				},
				"set_property": {
					"shapescape_dra:puffer_creature_state": "idle"
				},
				"trigger": "shapescape_dra:unlock_movement"
			},
			"shapescape_dra:puff": {
				"add": {
					"component_groups": [
						"shapescape_dra:puff"
					]
				},
				"remove": {
					"component_groups": [
						"shapescape_dra:idle"
					]
				},
				"set_property": {
					"shapescape_dra:puffer_creature_state": "puff"
				},
				"trigger": "shapescape_dra:lock_movement"
			},
			"shapescape_dra:lock_movement": {
				"remove": {
					"component_groups": [
						"shapescape_dra:unlock_movement"
					]
				},
				"add": {
					"component_groups": [
						"shapescape_dra:lock_movement"
					]
				}
			},
			"shapescape_dra:unlock_movement": {
				"remove": {
					"component_groups": [
						"shapescape_dra:lock_movement"
					]
				},
				"add": {
					"component_groups": [
						"shapescape_dra:unlock_movement"
					]
				}
			},
			"shapescape_dra:despawn": {
				"add": {
					"component_groups": [
						"shapescape_dra:despawn"
					]
				}
			}
		}
	}
}