{
	"format_version": "1.21.60",
	"minecraft:entity": {
		"description": {
			"identifier": "shapescape_dra:pyrobat_creature",
			"is_spawnable": true,
			"is_summonable": true,
			"is_experimental": false,
			"location": [],
			"animations": {
				"ac.panic": "controller.animation.shapescape_dra.pyrobat_creature.panic"
			},
			"scripts": {
				"animate": [
					"ac.panic"
				]
			},
			"properties": {
				"shapescape_dra:pyrobat_creature_state": {
					"client_sync": true,
					"default": "idle",
					"type": "enum",
					"values": [
						"idle",
						"panic"
					]
				}
			}
		},
		"component_groups": {
			"shapescape_dra:despawn": {
				"minecraft:instant_despawn": {}
			},
			"shapescape_dra:panic": {
				"minecraft:is_sheared": {},
				"minecraft:behavior.panic": {
					"priority": 0,
					"force": true
				},
				"minecraft:behavior.float_wander": {
					"xz_dist": 10,
					"y_dist": 7,
					"y_offset": -2.0,
					"random_reselect": true,
					"float_duration": [
						0.1,
						0.35
					]
				},
				"minecraft:movement": {
					"value": 0.075,
					"max": 0.075
				},
				"minecraft:timer": {
					"time": 10,
					"looping": true,
					"time_down_event": {
						"filters": {
							"all_of": [
								{
									"test": "distance_to_nearest_player",
									"subject": "self",
									"operator": ">",
									"value": 10
								}
							]
						},
						"event": "shapescape_dra:idle",
						"target": "self"
					}
				}
			},
			"shapescape_dra:idle": {
				"minecraft:behavior.float_wander": {
					"xz_dist": 10,
					"y_dist": 7,
					"y_offset": -2.0,
					"random_reselect": false,
					"float_duration": [
						0.1,
						0.35
					]
				},
				"minecraft:movement": {
					"value": 0.025,
					"max": 0.025
				}
			}
		},
		"components": {
			"minecraft:leashable": {
				"soft_distance": 4.0,
				"hard_distance": 6.0,
				"max_distance": 10.0
			},
			"minecraft:damage_sensor": {
				"triggers": [
					{
						"cause": "fall",
						"deals_damage": "no"
					}
				]
			},
			"minecraft:fire_immune": {},
			"minecraft:movement": {
				"value": 0.025,
				"max": 0.025
			},
			"minecraft:navigation.float": {
				"can_path_over_water": true,
				"can_sink": false,
				"can_pass_doors": false,
				"can_path_from_air": true,
				"avoid_water": true,
				"avoid_damage_blocks": true,
				"avoid_sun": false
			},
			"minecraft:movement.basic": {},
			"minecraft:can_fly": {},
			"minecraft:type_family": {
				"family": [
					"shapescape_dra_mob",
					"shapescape_dra_creature",
					"mob",
					"shapescape_dra_pyrobat_creature"
				]
			},
			"minecraft:experience_reward": {
				"on_death": "query.last_hit_by_player ? Math.Random(1,3) : 0"
			},
			"minecraft:loot": {
				"table": "loot_tables/shapescape/dra/pyrobat_creature.loot.json"
			},
			"minecraft:breathable": {
				"total_supply": 15,
				"suffocate_time": 0
			},
			"minecraft:health": {
				"value": 15,
				"max": 15
			},
			"minecraft:jump.static": {},
			"minecraft:can_climb": {},
			"minecraft:collision_box": {
				"width": 1,
				"height": 1
			},
			"minecraft:on_hurt": {
				"target": "self",
				"event": "shapescape_dra:attacked"
			},
			"minecraft:on_hurt_by_player": {
				"target": "self",
				"event": "shapescape_dra:attacked"
			},
			"minecraft:behavior.float": {
				"priority": 2
			},
			"minecraft:hurt_on_condition": {
				"damage_conditions": [
					{
						"filters": {
							"test": "in_water_or_rain",
							"subject": "self",
							"operator": "==",
							"value": true
						},
						"cause": "drowning",
						"damage_per_tick": 2
					}
				]
			},
			"minecraft:balloonable": {
				"mass": 0.9
			},
			"minecraft:physics": {},
			"minecraft:pushable": {
				"is_pushable": true,
				"is_pushable_by_piston": true
			},
			"minecraft:nameable": {},
			"minecraft:is_hidden_when_invisible": {},
			"minecraft:despawn": {
				"despawn_from_distance": {}
			},
			"minecraft:conditional_bandwidth_optimization": {}
		},
		"events": {
			"minecraft:entity_spawned": {
				"add": {
					"component_groups": [
						"shapescape_dra:idle"
					]
				}
			},
			"shapescape_dra:idle": {
				"add": {
					"component_groups": [
						"shapescape_dra:idle"
					]
				},
				"remove": {
					"component_groups": [
						"shapescape_dra:panic"
					]
				},
				"set_property": {
					"shapescape_dra:pyrobat_creature_state": "idle"
				}
			},
			"shapescape_dra:attacked": {
				"sequence": [
					{
						"filters": {
							"all_of": [
								{
									"test": "is_panicking",
									"subject": "self",
									"value": false
								}
							]
						},
						"queue_command": {
							"command": [
								"event entity @e[type=shapescape_dra:pyrobat_creature,r=15] shapescape_dra:panic"
							]
						}
					}
				]
			},
			"shapescape_dra:panic": {
				"add": {
					"component_groups": [
						"shapescape_dra:panic"
					]
				},
				"remove": {
					"component_groups": [
						"shapescape_dra:idle"
					]
				},
				"set_property": {
					"shapescape_dra:pyrobat_creature_state": "panic"
				}
			},
			"shapescape_dra:despawn": {
				"add": {
					"component_groups": [
						"shapescape_dra:despawn"
					]
				}
			}
		}
	}
}