{
	"minecraft:entity": {
		"description": {
			"scripts": {
				"animate": [
					{
						"ac.cave_2_tamed": "q.property('shapescape_dra:dragon') == 'cave_2_tamed'"
					},
					{
						"ac.cave_3_tamed": "q.property('shapescape_dra:dragon') == 'cave_3_tamed'"
					},
					{
						"ac.fire_2_tamed": "q.property('shapescape_dra:dragon') == 'fire_2_tamed'"
					},
					{
						"ac.fire_3_tamed": "q.property('shapescape_dra:dragon') == 'fire_3_tamed'"
					}
				]
			},
			"animations": {
				"ac.cave_2_tamed": "controller.animation.shapescape_dra.tamed_breath_proj.cave_2_tamed",
				"ac.cave_3_tamed": "controller.animation.shapescape_dra.tamed_breath_proj.cave_3_tamed",
				"ac.fire_2_tamed": "controller.animation.shapescape_dra.tamed_breath_proj.fire_2_tamed",
				"ac.fire_3_tamed": "controller.animation.shapescape_dra.tamed_breath_proj.fire_3_tamed"
			},
			"identifier": "shapescape_dra:tamed_breath_proj",
			"is_spawnable": false,
			"is_summonable": true,
			"is_experimental": false,
			"properties": {
				"shapescape_dra:dragon": {
					"default": "default",
					"client_sync": true,
					"type": "enum",
					"values": [
						"default",
						"fire",
						"cave",
						"crystal",
						"thunder",
						"poison",
						"ice",
						"fae"
					]
				}
			}
		},
		"component_groups": {
			"despawn": {
				"minecraft:instant_despawn": {}
			}
		},
		"components": {
			"minecraft:type_family": {
				"family": [
					"tamed_breath_proj"
				]
			},
			"minecraft:projectile": {
				"on_hit": {
					"impact_damage": {
						"damage": 0,
						"knockback": false
					}
				},
				"catch_fire": true,
				"gravity": 0
			},
			"minecraft:collision_box": {
				"width": 0.1,
				"height": 0.1
			},
			"minecraft:timer": {
				"looping": false,
				"time": 1.0,
				"time_down_event": {
					"event": "despawn",
					"target": "self"
				}
			},
			"minecraft:damage_sensor": {
				"triggers": [
					{
						"cause": "all",
						"deals_damage": false
					}
				]
			},
			"minecraft:physics": {
				"has_gravity": false
			},
			"minecraft:pushable": {
				"is_pushable": false,
				"is_pushable_by_piston": false
			},
			"minecraft:conditional_bandwidth_optimization": {
				"default_values": {
					"max_optimized_distance": 80.0,
					"max_dropped_ticks": 7,
					"use_motion_prediction_hints": true
				}
			}
		},
		"events": {
			"despawn": {
				"add": {
					"component_groups": [
						"despawn"
					]
				}
			},
			"fire": {
				"add": {
					"component_groups": [
						"fire"
					]
				},
				"set_property": {
					"shapescape_dra:dragon": "fire"
				}
			},
			"cave": {
				"add": {
					"component_groups": [
						"cave"
					]
				},
				"set_property": {
					"shapescape_dra:dragon": "cave"
				}
			},
			"crystal": {
				"add": {
					"component_groups": [
						"crystal"
					]
				},
				"set_property": {
					"shapescape_dra:dragon": "crystal"
				}
			},
			"thunder": {
				"add": {
					"component_groups": [
						"thunder"
					]
				},
				"set_property": {
					"shapescape_dra:dragon": "thunder"
				}
			},
			"poison": {
				"add": {
					"component_groups": [
						"poison"
					]
				},
				"set_property": {
					"shapescape_dra:dragon": "poison"
				}
			},
			"ice": {
				"add": {
					"component_groups": [
						"ice"
					]
				},
				"set_property": {
					"shapescape_dra:dragon": "ice"
				}
			},
			"fae": {
				"add": {
					"component_groups": [
						"fae"
					]
				},
				"set_property": {
					"shapescape_dra:dragon": "fae"
				}
			}
		}
	},
	"format_version": "1.20.0"
}