{
	"format_version": "1.20.0",
	"minecraft:entity": {
		"description": {
			"identifier": "shapescape_dra:thunder_1_trader",
			"is_summonable": true,
			"is_experimental": false,
			"scripts": {
				"animate": [
					"ac.death",
					"ac.transform",
					"ac.flying_speed",
					"ac.equip_saddle"
				]
			},
			"animations": {
				"ac.death": "controller.animation.shapescape_dra.thunder_1_tamed.death",
				"ac.transform": "controller.animation.shapescape_dra.thunder_1_tamed.transform",
				"ac.flying_speed": "controller.animation.shapescape_dra.thunder_1_tamed.flying_speed",
				"ac.equip_saddle": "controller.animation.shapescape_dra.thunder_1_tamed.equip_saddle"
			},
			"properties": {
				"shapescape_dra:damage": {
					"type": "bool",
					"client_sync": true,
					"default": true
				},
				"shapescape_dra:version": {
					"type": "int",
					"client_sync": false,
					"range": [
						0,
						100
					],
					"default": 0
				}
			}
		},
		"component_groups": {
			"despawn": {
				"minecraft:instant_despawn": {}
			},
			"normal": {
				"minecraft:skin_id": {
					"value": 1
				}
			},
			"shiny": {
				"minecraft:skin_id": {
					"value": 1
				}
			},
			"collision_box": {
				"minecraft:collision_box": {
					"width": 1,
					"height": 2
				}
			},
			"no_collision_box": {
				"minecraft:collision_box": {
					"width": 0.0,
					"height": 0.0
				}
			},
			"move": {
				"minecraft:behavior.look_at_player": {
					"priority": 6,
					"target_distance": 6.0,
					"probability": 0.02
				},
				"minecraft:behavior.random_stroll": {
					"speed_multiplier": 1.25
				},
				"minecraft:movement": {
					"value": 0.2,
					"max": 0.2
				}
			},
			"update": {
				"minecraft:transformation": {
					"add": {},
					"drop_equipment": false,
					"drop_inventory": false,
					"into": "shapescape_dra:thunder_1_trader",
					"keep_level": true,
					"keep_owner": true,
					"preserve_equipment": true
				}
			},
			"not_move": {
				"minecraft:movement": {
					"value": 0.0,
					"max": 0.0
				}
			},
			"death": {
				"minecraft:physics": {
					"has_gravity": false
				},
				"minecraft:is_sheared": {}
			},
			"transform_to_baby_dragon": {
				"minecraft:is_tamed": {},
				"minecraft:transformation": {
					"into": "shapescape_dra:thunder_1_tamed",
					"delay": 5,
					"drop_equipment": false,
					"drop_inventory": false,
					"keep_level": true,
					"keep_owner": true,
					"preserve_equipment": true
				}
			}
		},
		"components": {
			"minecraft:skin_id": {
				"value": 1
			},
			"minecraft:timer": {
				"time": 1,
				"looping": false,
				"time_down_event": {
					"event": "update",
					"target": "self"
				}
			},
			"minecraft:tameable": {
				"probability": 1,
				"tame_items": [
					"shapescape_dra:dragon_tamer"
				],
				"tame_event": {
					"event": "transform_to_baby_dragon",
					"target": "self"
				}
			},
			"minecraft:leashable": {
				"can_be_stolen": false,
				"hard_distance": 6,
				"max_distance": 10,
				"soft_distance": 4
			},
			"minecraft:damage_sensor": {
				"triggers": [
					{
						"cause": "fall",
						"deals_damage": false
					},
					{
						"cause": "fire",
						"deals_damage": false
					},
					{
						"cause": "fire_tick",
						"deals_damage": false
					},
					{
						"on_damage": {
							"filters": {
								"all_of": [
									{
										"test": "bool_property",
										"subject": "self",
										"domain": "shapescape_dra:damage",
										"operator": "==",
										"value": false
									}
								]
							}
						},
						"deals_damage": false
					}
				]
			},
			"minecraft:variable_max_auto_step": {
				"base_value": 1.5,
				"controlled_value": 1.5
			},
			"minecraft:follow_range": {
				"max": 64,
				"value": 64
			},
			"minecraft:attack": {
				"damage": 2
			},
			"minecraft:health": {
				"value": 50,
				"max": 50,
				"min": 1
			},
			"minecraft:knockback_resistance": {
				"max": 100,
				"value": 100
			},
			"minecraft:jump.static": {},
			"minecraft:behavior.hurt_by_target": {
				"priority": 2
			},
			"minecraft:type_family": {
				"family": [
					"shapescape_dra_mob",
					"shapescape_dra_creature",
					"shapescape_dra_dragon",
					"shapescape_dra_big",
					"shapescape_dra_trader_dragon"
				]
			},
			"minecraft:breathable": {
				"total_supply": 15,
				"suffocate_time": 0
			},
			"minecraft:nameable": {
				"allow_name_tag_renaming": true,
				"always_show": false
			},
			"minecraft:movement.basic": {},
			"minecraft:navigation.walk": {},
			"minecraft:physics": {}
		},
		"events": {
			"minecraft:entity_spawned": {
				"add": {
					"component_groups": [
						"move",
						"collision_box"
					]
				},
				"set_property": {
					"shapescape_dra:damage": true,
					"shapescape_dra:version": 1
				}
			},
			"update": {
				"filters": {
					"any_of": [
						{
							"test": "int_property",
							"operator": "!=",
							"subject": "self",
							"domain": "shapescape_dra:version",
							"value": 1
						},
						{
							"test": "has_property",
							"operator": "!=",
							"subject": "self",
							"value": "shapescape_dra:version"
						}
					]
				},
				"add": {
					"component_groups": [
						"update"
					]
				}
			},
			"despawn": {
				"add": {
					"component_groups": [
						"despawn"
					]
				}
			},
			"damage_true": {
				"set_property": {
					"shapescape_dra:damage": true
				}
			},
			"damage_false": {
				"set_property": {
					"shapescape_dra:damage": false
				}
			},
			"move": {
				"add": {
					"component_groups": [
						"move"
					]
				},
				"remove": {
					"component_groups": [
						"not_move"
					]
				}
			},
			"not_move": {
				"add": {
					"component_groups": [
						"not_move"
					]
				},
				"remove": {
					"component_groups": [
						"move"
					]
				}
			},
			"collision_box": {
				"add": {
					"component_groups": [
						"collision_box"
					]
				},
				"remove": {
					"component_groups": [
						"no_collision_box"
					]
				}
			},
			"no_collision_box": {
				"add": {
					"component_groups": [
						"no_collision_box"
					]
				},
				"remove": {
					"component_groups": [
						"collision_box"
					]
				}
			},
			"death": {
				"add": {
					"component_groups": [
						"not_move",
						"death"
					]
				},
				"remove": {
					"component_groups": [
						"move"
					]
				},
				"set_property": {
					"shapescape_dra:damage": true
				}
			},
			"transform": {
				"add": {
					"component_groups": [
						"not_move",
						"transform"
					]
				},
				"remove": {
					"component_groups": [
						"move"
					]
				},
				"set_property": {
					"shapescape_dra:damage": false
				}
			},
			"minecraft:entity_transformed": {
				"sequence": [
					{
						"add": {
							"component_groups": [
								"collision_box"
							]
						}
					},
					{
						"filters": {
							"test": "is_skin_id",
							"subject": "other",
							"value": 0
						},
						"trigger": "select_rarity"
					},
					{
						"filters": {
							"test": "is_skin_id",
							"subject": "other",
							"value": 1
						},
						"add": {
							"component_groups": [
								"normal"
							]
						}
					},
					{
						"filters": {
							"test": "is_skin_id",
							"subject": "other",
							"value": 2
						},
						"add": {
							"component_groups": [
								"shiny"
							]
						}
					},
					{
						"filters": {
							"test": "has_component",
							"operator": "==",
							"subject": "other",
							"value": "minecraft:is_saddled"
						},
						"add": {
							"component_groups": [
								"is_saddled"
							]
						}
					},
					{
						"filters": {
							"test": "is_mark_variant",
							"operator": "==",
							"subject": "other",
							"value": 0
						},
						"add": {
							"component_groups": [
								"pattern_0"
							]
						}
					},
					{
						"filters": {
							"test": "is_mark_variant",
							"operator": "==",
							"subject": "other",
							"value": 1
						},
						"add": {
							"component_groups": [
								"pattern_1"
							]
						}
					},
					{
						"filters": {
							"test": "is_mark_variant",
							"operator": "==",
							"subject": "other",
							"value": 2
						},
						"add": {
							"component_groups": [
								"pattern_2"
							]
						}
					},
					{
						"filters": {
							"test": "is_mark_variant",
							"operator": "==",
							"subject": "other",
							"value": 3
						},
						"add": {
							"component_groups": [
								"pattern_3"
							]
						}
					},
					{
						"filters": {
							"test": "is_mark_variant",
							"operator": "==",
							"subject": "other",
							"value": 4
						},
						"add": {
							"component_groups": [
								"pattern_4"
							]
						}
					},
					{
						"filters": {
							"test": "is_mark_variant",
							"operator": "==",
							"subject": "other",
							"value": 5
						},
						"add": {
							"component_groups": [
								"pattern_5"
							]
						}
					},
					{
						"filters": {
							"test": "is_mark_variant",
							"operator": "==",
							"subject": "other",
							"value": 6
						},
						"add": {
							"component_groups": [
								"pattern_6"
							]
						}
					},
					{
						"filters": {
							"test": "is_mark_variant",
							"operator": "==",
							"subject": "other",
							"value": 7
						},
						"add": {
							"component_groups": [
								"pattern_7"
							]
						}
					},
					{
						"filters": {
							"test": "is_mark_variant",
							"operator": "==",
							"subject": "other",
							"value": 8
						},
						"add": {
							"component_groups": [
								"pattern_8"
							]
						}
					},
					{
						"filters": {
							"test": "is_mark_variant",
							"operator": "==",
							"subject": "other",
							"value": 9
						},
						"add": {
							"component_groups": [
								"pattern_9"
							]
						}
					},
					{
						"filters": {
							"test": "is_mark_variant",
							"operator": "==",
							"subject": "other",
							"value": 10
						},
						"add": {
							"component_groups": [
								"pattern_10"
							]
						}
					},
					{
						"filters": {
							"test": "is_mark_variant",
							"operator": "==",
							"subject": "other",
							"value": 11
						},
						"add": {
							"component_groups": [
								"pattern_11"
							]
						}
					},
					{
						"filters": {
							"test": "is_mark_variant",
							"operator": "==",
							"subject": "other",
							"value": 12
						},
						"add": {
							"component_groups": [
								"pattern_12"
							]
						}
					},
					{
						"filters": {
							"test": "is_mark_variant",
							"operator": "==",
							"subject": "other",
							"value": 13
						},
						"add": {
							"component_groups": [
								"pattern_13"
							]
						}
					},
					{
						"filters": {
							"test": "is_mark_variant",
							"operator": "==",
							"subject": "other",
							"value": 14
						},
						"add": {
							"component_groups": [
								"pattern_14"
							]
						}
					},
					{
						"filters": {
							"test": "is_mark_variant",
							"operator": "==",
							"subject": "other",
							"value": 15
						},
						"add": {
							"component_groups": [
								"pattern_15"
							]
						}
					},
					{
						"filters": {
							"test": "is_mark_variant",
							"operator": "==",
							"subject": "other",
							"value": 16
						},
						"add": {
							"component_groups": [
								"pattern_16"
							]
						}
					},
					{
						"trigger": "minecraft:entity_spawned"
					},
					{
						"set_property": {
							"shapescape_dra:version": 1
						}
					}
				]
			},
			"transform_to_baby_dragon": {
				"add": {
					"component_groups": [
						"transform_to_baby_dragon"
					]
				}
			},
			"normal": {
				"remove": {
					"component_groups": [
						"shiny"
					]
				},
				"add": {
					"component_groups": [
						"normal"
					]
				}
			},
			"shiny": {
				"remove": {
					"component_groups": [
						"normal"
					]
				},
				"add": {
					"component_groups": [
						"shiny"
					]
				}
			},
			"select_rarity": {
				"randomize": [
					{
						"weight": 95,
						"add": {
							"component_groups": [
								"normal"
							]
						}
					},
					{
						"weight": 5,
						"add": {
							"component_groups": [
								"shiny"
							]
						}
					}
				]
			}
		}
	}
}