{
	"format_version": "1.20.0",
	"minecraft:entity": {
		"description": {
			"is_spawnable": false,
			"scripts": {
				"animate": [
					"ac.levelup.trigger",
					{
						"ac.levelup.select_required_item": "!q.is_transforming && q.property('shapescape_dra:allow_levelup')"
					},
					"ac.scavenging_mechanics",
					"ac.scavenging_particle",
					"send_rider_to_script",
					"ac.dragon_ui_trigger",
					"ac.dragon_check_sitting",
					"ac.dragon_check_rider",
					"ac.sleeping_effect",
					"ac.remove_rideable",
					"ac.hover",
					"dragon_attacks_tamed",
					"ac.save_dragon",
					"ac.unsave_dragon",
					"ac.death",
					"ac.transform",
					"ac.flying_speed",
					"ac.equip_saddle",
					"ac.scale_variant",
					"ac.shade_variant",
					"ac.shiny"
				]
			},
			"animations": {
				"ac.levelup.trigger": "controller.animation.shapescape_dra.dragon.levelup.trigger",
				"ac.levelup.select_required_item": "controller.animation.shapescape_dra.thunder_2_tamed.levelup.select_required_item",
				"ac.scavenging_mechanics": "controller.animation.shapescape_dra.thunder_2_tamed.scavenging_mechanics",
				"ac.scavenging_particle": "controller.animation.shapescape_dra.thunder_2_tamed.scavenging_particle",
				"send_rider_to_script": "controller.animation.shapescape_dra.send_rider_to_script",
				"ac.dragon_ui_trigger": "controller.animation.shapescape_dra.dragon_ui_trigger",
				"ac.dragon_check_sitting": "controller.animation.shapescape_dra.dragon_check_sitting",
				"ac.dragon_check_rider": "controller.animation.shapescape_dra.dragon_check_rider",
				"ac.sleeping_effect": "controller.animation.shapescape_dra.thunder_2_tamed_sleeping.regeneration",
				"ac.remove_rideable": "controller.animation.shapescape_dra.thunder_2_tamed.remove_rideable",
				"ac.hover": "controller.animation.shapescape_dra.thunder_2_tamed.hover",
				"dragon_attacks_tamed": "controller.animation.shapescape_dra.thunder_2_tamed.dragon_attacks_tamed",
				"ac.save_dragon": "controller.animation.shapescape_dra.thunder_2_tamed.save_dragon",
				"ac.unsave_dragon": "controller.animation.shapescape_dra.thunder_2_tamed.unsave_dragon",
				"ac.death": "controller.animation.shapescape_dra.thunder_2_tamed.death",
				"ac.transform": "controller.animation.shapescape_dra.thunder_2_tamed.transform",
				"ac.flying_speed": "controller.animation.shapescape_dra.thunder_2_tamed.flying_speed",
				"ac.equip_saddle": "controller.animation.shapescape_dra.thunder_2_tamed.equip_saddle",
				"ac.scale_variant": "controller.animation.shapescape_dra.thunder_2_tamed.scale_variant",
				"ac.shade_variant": "controller.animation.shapescape_dra.thunder_2_tamed.shade_variant",
				"ac.shiny": "controller.animation.shapescape_dra.dragon.shiny"
			},
			"properties": {
				"shapescape_dra:allow_levelup": {
					"client_sync": true,
					"type": "bool",
					"default": true
				},
				"shapescape_dra:levelup_items": {
					"client_sync": true,
					"default": "none",
					"type": "enum",
					"values": [
						"none",
						"copper_ingot",
						"glowstone_dust",
						"diamond",
						"gold_ingot",
						"quartz"
					]
				},
				"shapescape_dra:level": {
					"client_sync": true,
					"default": 0,
					"range": [
						0,
						100
					],
					"type": "int"
				},
				"shapescape_dra:scavenging_time": {
					"default": 0,
					"client_sync": true,
					"type": "int",
					"range": [
						0,
						600
					]
				},
				"shapescape_dra:scavenging_type": {
					"default": "none",
					"client_sync": true,
					"type": "enum",
					"values": [
						"none",
						"meat",
						"wood",
						"ore",
						"mob"
					]
				},
				"shapescape_dra:fly_x_rotation": {
					"client_sync": true,
					"type": "float",
					"range": [
						-90.0,
						90.0
					],
					"default": 0.0
				},
				"shapescape_dra:ui_trigger": {
					"client_sync": false,
					"type": "bool",
					"default": false
				},
				"shapescape_dra:attack_type": {
					"default": "attack_breath",
					"client_sync": true,
					"type": "enum",
					"values": [
						"attack_breath",
						"attack_projectile"
					]
				},
				"shapescape_dra:tamed_attack_type": {
					"default": "no_attack",
					"client_sync": true,
					"type": "enum",
					"values": [
						"no_attack",
						"tamed_attack_breath",
						"tamed_attack_special"
					]
				},
				"shapescape_dra:damage": {
					"type": "bool",
					"client_sync": true,
					"default": true
				},
				"shapescape_dra:scale_variant": {
					"type": "float",
					"client_sync": true,
					"default": 1.000001,
					"range": [
						0.95,
						1.05
					]
				},
				"shapescape_dra:shade_variant": {
					"type": "float",
					"client_sync": true,
					"default": 1.000001,
					"range": [
						0.8,
						1.2
					]
				},
				"shapescape_dra:shiny": {
					"type": "bool",
					"client_sync": true,
					"default": false
				}
			},
			"identifier": "shapescape_dra:thunder_2_tamed",
			"is_summonable": true,
			"is_experimental": false
		},
		"component_groups": {
			"pattern_0": {
				"minecraft:mark_variant": {
					"value": 0
				}
			},
			"pattern_1": {
				"minecraft:mark_variant": {
					"value": 1
				}
			},
			"pattern_2": {
				"minecraft:mark_variant": {
					"value": 2
				}
			},
			"pattern_3": {
				"minecraft:mark_variant": {
					"value": 3
				}
			},
			"pattern_4": {
				"minecraft:mark_variant": {
					"value": 4
				}
			},
			"pattern_5": {
				"minecraft:mark_variant": {
					"value": 5
				}
			},
			"pattern_6": {
				"minecraft:mark_variant": {
					"value": 6
				}
			},
			"pattern_7": {
				"minecraft:mark_variant": {
					"value": 7
				}
			},
			"pattern_8": {
				"minecraft:mark_variant": {
					"value": 8
				}
			},
			"pattern_9": {
				"minecraft:mark_variant": {
					"value": 9
				}
			},
			"pattern_10": {
				"minecraft:mark_variant": {
					"value": 10
				}
			},
			"pattern_11": {
				"minecraft:mark_variant": {
					"value": 11
				}
			},
			"pattern_12": {
				"minecraft:mark_variant": {
					"value": 12
				}
			},
			"pattern_13": {
				"minecraft:mark_variant": {
					"value": 13
				}
			},
			"pattern_14": {
				"minecraft:mark_variant": {
					"value": 14
				}
			},
			"pattern_15": {
				"minecraft:mark_variant": {
					"value": 15
				}
			},
			"pattern_16": {
				"minecraft:mark_variant": {
					"value": 16
				}
			},
			"sleeping": {
				"minecraft:body_rotation_blocked": {},
				"minecraft:is_stunned": {}
			},
			"attack_breath": {
				"minecraft:target_nearby_sensor": {
					"outside_range": 12,
					"inside_range": 11,
					"must_see": false,
					"on_outside_range": {
						"event": "attack_projectile",
						"target": "self"
					}
				},
				"minecraft:shooter": {
					"def": "shapescape_dra:thunder_2_tamed_breath"
				},
				"minecraft:behavior.ranged_attack": {
					"priority": 4,
					"charge_charged_trigger": 1,
					"charge_shoot_trigger": 1.5,
					"attack_radius": 20,
					"burst_shots": 30,
					"burst_interval": 0.1
				}
			},
			"attack_projectile": {
				"minecraft:target_nearby_sensor": {
					"inside_range": 11,
					"must_see": false,
					"on_inside_range": {
						"event": "attack_breath",
						"target": "self"
					}
				},
				"minecraft:shooter": {
					"def": "shapescape_dra:thunder_2_tamed_proj"
				},
				"minecraft:behavior.ranged_attack": {
					"priority": 4,
					"attack_interval": 1,
					"charge_charged_trigger": 1,
					"charge_shoot_trigger": 1.5,
					"attack_radius": 20,
					"burst_shots": 1,
					"burst_interval": 0.1
				}
			},
			"is_alife": {
				"minecraft:is_charged": {},
				"minecraft:rideable": {
					"seat_count": 1,
					"controlling_seat": 0,
					"family_types": [
						"player"
					],
					"rider_can_interact": true,
					"interact_text": "action.interact.mount",
					"seats": [
						{
							"position": [
								0,
								1.4,
								-0.4
							]
						}
					]
				}
			},
			"is_saddled": {
				"minecraft:behavior.player_ride_tamed": {
					"priority": 0
				},
				"minecraft:input_ground_controlled": {},
				"minecraft:is_saddled": {}
			},
			"reset_hover": {
				"minecraft:spell_effects": {
					"remove_effects": [
						"levitation"
					]
				},
				"minecraft:is_baby": {}
			},
			"hover": {},
			"despawn": {
				"minecraft:instant_despawn": {}
			},
			"normal": {
				"minecraft:skin_id": {
					"value": 1
				}
			},
			"shiny": {
				"minecraft:skin_id": {
					"value": 2
				}
			},
			"collision_box": {
				"minecraft:collision_box": {
					"width": 2.0,
					"height": 3.1
				}
			},
			"no_collision_box": {
				"minecraft:collision_box": {
					"width": 0.0,
					"height": 0.0
				}
			},
			"transform": {
				"minecraft:transformation": {
					"into": "shapescape_dra:thunder_3_tamed",
					"delay": 5,
					"drop_equipment": false,
					"drop_inventory": false,
					"keep_level": true,
					"keep_owner": true,
					"preserve_equipment": true
				},
				"minecraft:rideable": {
					"seat_count": 1,
					"controlling_seat": 0,
					"family_types": [
						""
					],
					"rider_can_interact": false,
					"interact_text": "action.interact.mount",
					"seats": [
						{
							"position": [
								0,
								0,
								0
							]
						}
					]
				}
			},
			"move": {
				"minecraft:behavior.look_at_player": {
					"priority": 6,
					"target_distance": 6.0,
					"probability": 1
				},
				"minecraft:underwater_movement": {
					"value": 0.15,
					"max": 0.15
				},
				"minecraft:movement": {
					"value": 0.7,
					"max": 0.7
				}
			},
			"not_move": {
				"minecraft:movement": {
					"value": 0.0,
					"max": 0.0
				}
			},
			"death": {
				"minecraft:physics": {
					"has_gravity": false
				},
				"minecraft:is_sheared": {}
			}
		},
		"components": {
			"minecraft:damage_sensor": {
				"triggers": [
					{
						"cause": "lightning",
						"deals_damage": false
					},
					{
						"on_damage": {
							"filters": {
								"all_of": [
									{
										"test": "is_riding",
										"subject": "damager",
										"operator": "==",
										"value": true
									},
									{
										"test": "is_family",
										"subject": "damager",
										"operator": "==",
										"value": "player"
									},
									{
										"test": "rider_count",
										"subject": "self",
										"operator": "==",
										"value": 1
									},
									{
										"test": "enum_property",
										"subject": "self",
										"domain": "shapescape_dra:tamed_attack_type",
										"operator": "==",
										"value": "no_attack"
									}
								]
							},
							"event": "tamed_attack_breath",
							"target": "self"
						},
						"deals_damage": false
					},
					{
						"on_damage": {
							"filters": {
								"all_of": [
									{
										"test": "is_riding",
										"subject": "damager",
										"operator": "==",
										"value": true
									},
									{
										"test": "is_family",
										"subject": "damager",
										"operator": "==",
										"value": "player"
									},
									{
										"test": "rider_count",
										"subject": "self",
										"operator": "==",
										"value": 1
									},
									{
										"test": "enum_property",
										"subject": "self",
										"domain": "shapescape_dra:tamed_attack_type",
										"operator": "!=",
										"value": "no_attack"
									}
								]
							}
						},
						"deals_damage": false
					},
					{
						"on_damage": {
							"filters": {
								"all_of": [
									{
										"test": "is_family",
										"subject": "damager",
										"operator": "==",
										"value": "tamed_projectile_proj"
									},
									{
										"test": "has_damage",
										"subject": "self",
										"operator": "!=",
										"value": "entity_explosion"
									}
								]
							}
						},
						"deals_damage": false
					},
					{
						"on_damage": {
							"filters": {
								"all_of": [
									{
										"test": "is_family",
										"subject": "damager",
										"operator": "==",
										"value": "tamed_breath_proj"
									}
								]
							}
						},
						"deals_damage": false
					},
					{
						"cause": "fall",
						"deals_damage": false
					},
					{
						"cause": "fire",
						"deals_damage": false
					},
					{
						"cause": "fire_tick",
						"deals_damage": false
					},
					{
						"on_damage": {
							"filters": {
								"all_of": [
									{
										"test": "bool_property",
										"subject": "self",
										"domain": "shapescape_dra:damage",
										"operator": "==",
										"value": false
									}
								]
							}
						},
						"deals_damage": false
					}
				]
			},
			"minecraft:movement.basic": {},
			"minecraft:navigation.walk": {},
			"minecraft:healable": {
				"items": [
					{
						"item": "porkchop",
						"heal_amount": 3
					},
					{
						"item": "cooked_porkchop",
						"heal_amount": 8
					},
					{
						"item": "fish",
						"heal_amount": 2
					},
					{
						"item": "salmon",
						"heal_amount": 2
					},
					{
						"item": "clownfish",
						"heal_amount": 1
					},
					{
						"item": "pufferfish",
						"heal_amount": 1
					},
					{
						"item": "cooked_fish",
						"heal_amount": 5
					},
					{
						"item": "cooked_salmon",
						"heal_amount": 6
					},
					{
						"item": "beef",
						"heal_amount": 3
					},
					{
						"item": "cooked_beef",
						"heal_amount": 8
					},
					{
						"item": "chicken",
						"heal_amount": 2
					},
					{
						"item": "cooked_chicken",
						"heal_amount": 6
					},
					{
						"item": "muttonRaw",
						"heal_amount": 2
					},
					{
						"item": "muttonCooked",
						"heal_amount": 6
					},
					{
						"item": "rotten_flesh",
						"heal_amount": 4
					},
					{
						"item": "rabbit",
						"heal_amount": 3
					},
					{
						"item": "cooked_rabbit",
						"heal_amount": 5
					},
					{
						"item": "rabbit_stew",
						"heal_amount": 10
					}
				]
			},
			"minecraft:is_tamed": {},
			"minecraft:behavior.owner_hurt_by_target": {
				"priority": 1
			},
			"minecraft:behavior.owner_hurt_target": {
				"priority": 2
			},
			"minecraft:behavior.follow_owner": {
				"priority": 3,
				"speed_multiplier": 1.2,
				"start_distance": 16,
				"stop_distance": 10
			},
			"minecraft:leashable": {
				"soft_distance": 4.0,
				"hard_distance": 6.0,
				"max_distance": 10.0
			},
			"minecraft:sittable": {},
			"minecraft:behavior.stay_while_sitting": {
				"priority": 3
			},
			"minecraft:interact": {
				"interactions": [
					{
						"on_interact": {
							"filters": [
								{
									"any_of": [
										{
											"all_of": [
												{
													"test": "has_equipment",
													"subject": "other",
													"operator": "equals",
													"domain": "hand",
													"value": "copper_ingot"
												},
												{
													"test": "enum_property",
													"subject": "self",
													"domain": "shapescape_dra:levelup_items",
													"value": "copper_ingot"
												},
												{
													"test": "bool_property",
													"subject": "self",
													"domain": "shapescape_dra:allow_levelup",
													"value": true
												}
											]
										},
										{
											"all_of": [
												{
													"test": "has_equipment",
													"subject": "other",
													"operator": "equals",
													"domain": "hand",
													"value": "glowstone_dust"
												},
												{
													"test": "enum_property",
													"subject": "self",
													"domain": "shapescape_dra:levelup_items",
													"value": "glowstone_dust"
												},
												{
													"test": "bool_property",
													"subject": "self",
													"domain": "shapescape_dra:allow_levelup",
													"value": true
												}
											]
										},
										{
											"all_of": [
												{
													"test": "has_equipment",
													"subject": "other",
													"operator": "equals",
													"domain": "hand",
													"value": "diamond"
												},
												{
													"test": "enum_property",
													"subject": "self",
													"domain": "shapescape_dra:levelup_items",
													"value": "diamond"
												},
												{
													"test": "bool_property",
													"subject": "self",
													"domain": "shapescape_dra:allow_levelup",
													"value": true
												}
											]
										},
										{
											"all_of": [
												{
													"test": "has_equipment",
													"subject": "other",
													"operator": "equals",
													"domain": "hand",
													"value": "gold_ingot"
												},
												{
													"test": "enum_property",
													"subject": "self",
													"domain": "shapescape_dra:levelup_items",
													"value": "gold_ingot"
												},
												{
													"test": "bool_property",
													"subject": "self",
													"domain": "shapescape_dra:allow_levelup",
													"value": true
												}
											]
										},
										{
											"all_of": [
												{
													"test": "has_equipment",
													"subject": "other",
													"operator": "equals",
													"domain": "hand",
													"value": "quartz"
												},
												{
													"test": "enum_property",
													"subject": "self",
													"domain": "shapescape_dra:levelup_items",
													"value": "quartz"
												},
												{
													"test": "bool_property",
													"subject": "self",
													"domain": "shapescape_dra:allow_levelup",
													"value": true
												}
											]
										}
									]
								}
							],
							"target": "self",
							"event": "levelup_item_interacted"
						},
						"use_item": true,
						"play_sounds": "burp"
					},
					{
						"on_interact": {
							"filters": {
								"any_of": [
									{
										"all_of": [
											{
												"test": "is_sneak_held",
												"subject": "other",
												"value": false
											},
											{
												"test": "int_property",
												"subject": "self",
												"domain": "shapescape_dra:scavenging_time",
												"operator": ">",
												"value": 0
											}
										]
									},
									{
										"all_of": [
											{
												"test": "is_sneak_held",
												"subject": "other",
												"value": true
											},
											{
												"test": "int_property",
												"subject": "self",
												"domain": "shapescape_dra:scavenging_time",
												"operator": ">",
												"value": 0
											}
										]
									}
								]
							},
							"event": "scavenging_dummy"
						}
					},
					{
						"on_interact": {
							"filters": {
								"all_of": [
									{
										"test": "has_tag",
										"subject": "self",
										"operator": "==",
										"value": "shapescape_dra_sitting"
									},
									{
										"test": "all_slots_empty",
										"subject": "other",
										"operator": "==",
										"value": "hand"
									},
									{
										"test": "is_sneaking",
										"subject": "other",
										"operator": "not"
									},
									{
										"test": "rider_count",
										"subject": "self",
										"operator": "equals",
										"value": 0
									}
								]
							},
							"event": "activate_ui_trigger"
						}
					},
					{
						"play_sounds": "saddle",
						"on_interact": {
							"filters": {
								"all_of": [
									{
										"test": "has_equipment",
										"subject": "self",
										"domain": "inventory",
										"operator": "not",
										"value": "saddle"
									},
									{
										"test": "has_equipment",
										"subject": "other",
										"domain": "hand",
										"value": "saddle"
									},
									{
										"test": "is_family",
										"subject": "other",
										"value": "player"
									},
									{
										"test": "is_sneak_held",
										"subject": "other",
										"value": false
									},
									{
										"test": "has_component",
										"value": "minecraft:is_sheared",
										"operator": "not"
									}
								]
							},
							"target": "self"
						},
						"equip_item_slot": 0,
						"interact_text": "action.interact.saddle"
					},
					{
						"on_interact": {
							"filters": {
								"all_of": [
									{
										"test": "is_riding",
										"subject": "other",
										"operator": "==",
										"value": true
									},
									{
										"test": "is_family",
										"subject": "other",
										"operator": "==",
										"value": "player"
									},
									{
										"test": "rider_count",
										"subject": "self",
										"operator": "==",
										"value": 1
									},
									{
										"test": "enum_property",
										"subject": "self",
										"domain": "shapescape_dra:tamed_attack_type",
										"operator": "==",
										"value": "no_attack"
									}
								]
							},
							"event": "tamed_attack_special"
						}
					},
					{
						"on_interact": {
							"filters": [
								{
									"all_of": [
										{
											"test": "rider_count",
											"subject": "self",
											"value": 1
										}
									]
								}
							],
							"target": "self",
							"event": "ui_dummy_event"
						}
					}
				]
			},
			"minecraft:inventory": {
				"inventory_size": 2,
				"container_type": "horse"
			},
			"minecraft:equippable": {
				"slots": [
					{
						"slot": 0,
						"item": "saddle",
						"accepted_items": [
							"saddle"
						],
						"on_equip": {
							"event": "dragon_saddled"
						},
						"on_unequip": {
							"event": "dragon_unsaddled"
						}
					}
				]
			},
			"minecraft:environment_sensor": {
				"triggers": [
					{
						"event": "hover",
						"target": "self",
						"filters": {
							"all_of": [
								{
									"test": "rider_count",
									"value": 1
								},
								{
									"test": "on_ground",
									"subject": "self",
									"value": false
								}
							]
						}
					},
					{
						"event": "reset_hover",
						"target": "self",
						"filters": {
							"all_of": [
								{
									"any_of": [
										{
											"test": "on_ground",
											"subject": "self",
											"value": true
										},
										{
											"test": "rider_count",
											"value": 0
										}
									]
								},
								{
									"test": "is_baby",
									"value": false
								}
							]
						}
					}
				]
			},
			"minecraft:tameable": {
				"probability": 1,
				"tame_items": [
					"shapescape_dra:null"
				],
				"tame_event": {
					"event": "shapescape_dra:null",
					"target": "self"
				}
			},
			"minecraft:behavior.random_stroll": {
				"priority": 8,
				"speed_multiplier": 1.0,
				"interval": 80
			},
			"minecraft:variable_max_auto_step": {
				"base_value": 1.5,
				"controlled_value": 1.5
			},
			"minecraft:follow_range": {
				"max": 64,
				"value": 64
			},
			"minecraft:attack": {
				"damage": 20
			},
			"minecraft:health": {
				"value": 150,
				"max": 150,
				"min": 1
			},
			"minecraft:knockback_resistance": {
				"max": 100,
				"value": 100
			},
			"minecraft:jump.static": {},
			"minecraft:behavior.hurt_by_target": {
				"priority": 2
			},
			"minecraft:type_family": {
				"family": [
					"shapescape_dra_mob",
					"shapescape_dra_creature",
					"shapescape_dra_dragon",
					"shapescape_dra_big"
				]
			},
			"minecraft:breathable": {
				"total_supply": 15,
				"suffocate_time": 0
			},
			"minecraft:nameable": {
				"allow_name_tag_renaming": true,
				"always_show": false
			},
			"minecraft:behavior.float": {
				"priority": 10
			},
			"minecraft:physics": {}
		},
		"events": {
			"levelup_item_interacted": {
				"set_property": {
					"shapescape_dra:level": "q.property('shapescape_dra:level') + 20",
					"shapescape_dra:levelup_items": "none"
				}
			},
			"allow_levelup": {
				"set_property": {
					"shapescape_dra:allow_levelup": true
				}
			},
			"deny_levelup": {
				"set_property": {
					"shapescape_dra:allow_levelup": false
				}
			},
			"levelup_item_set_copper_ingot": {
				"set_property": {
					"shapescape_dra:levelup_items": "copper_ingot"
				}
			},
			"levelup_item_set_glowstone_dust": {
				"set_property": {
					"shapescape_dra:levelup_items": "glowstone_dust"
				}
			},
			"levelup_item_set_diamond": {
				"set_property": {
					"shapescape_dra:levelup_items": "diamond"
				}
			},
			"levelup_item_set_gold_ingot": {
				"set_property": {
					"shapescape_dra:levelup_items": "gold_ingot"
				}
			},
			"levelup_item_set_quartz": {
				"set_property": {
					"shapescape_dra:levelup_items": "quartz"
				}
			},
			"scavenging_dummy": {
				"add": {
					"component_groups": [
						""
					]
				}
			},
			"scavenging_time_start": {
				"set_property": {
					"shapescape_dra:scavenging_time": 1
				}
			},
			"scavenging_remove_collision_box": {
				"add": {
					"component_groups": [
						"no_collision_box"
					]
				},
				"remove": {
					"component_groups": [
						"collision_box"
					]
				}
			},
			"scavenging_time_add": {
				"set_property": {
					"shapescape_dra:scavenging_time": "q.property('shapescape_dra:scavenging_time') + 1"
				}
			},
			"scavenging_time_stop": {
				"set_property": {
					"shapescape_dra:scavenging_time": 0
				},
				"add": {
					"component_groups": [
						"collision_box"
					]
				},
				"remove": {
					"component_groups": [
						"no_collision_box"
					]
				}
			},
			"scavenging_type_none": {
				"set_property": {
					"shapescape_dra:scavenging_type": "none"
				}
			},
			"scavenging_type_meat": {
				"set_property": {
					"shapescape_dra:scavenging_type": "meat"
				}
			},
			"scavenging_type_wood": {
				"set_property": {
					"shapescape_dra:scavenging_type": "wood"
				}
			},
			"scavenging_type_ore": {
				"set_property": {
					"shapescape_dra:scavenging_type": "ore"
				}
			},
			"scavenging_type_mob": {
				"set_property": {
					"shapescape_dra:scavenging_type": "mob"
				}
			},
			"activate_ui_trigger": {
				"set_property": {
					"shapescape_dra:ui_trigger": true
				}
			},
			"deactivate_ui_trigger": {
				"set_property": {
					"shapescape_dra:ui_trigger": false
				}
			},
			"pattern_0": {
				"sequence": [
					{
						"remove": {
							"component_groups": [
								"pattern_0",
								"pattern_1",
								"pattern_2",
								"pattern_3",
								"pattern_4",
								"pattern_5",
								"pattern_6",
								"pattern_7",
								"pattern_8",
								"pattern_9",
								"pattern_10",
								"pattern_11",
								"pattern_12",
								"pattern_13",
								"pattern_14",
								"pattern_15",
								"pattern_16"
							]
						}
					},
					{
						"add": {
							"component_groups": [
								"pattern_0"
							]
						}
					}
				]
			},
			"pattern_1": {
				"sequence": [
					{
						"remove": {
							"component_groups": [
								"pattern_0",
								"pattern_1",
								"pattern_2",
								"pattern_3",
								"pattern_4",
								"pattern_5",
								"pattern_6",
								"pattern_7",
								"pattern_8",
								"pattern_9",
								"pattern_10",
								"pattern_11",
								"pattern_12",
								"pattern_13",
								"pattern_14",
								"pattern_15",
								"pattern_16"
							]
						}
					},
					{
						"add": {
							"component_groups": [
								"pattern_1"
							]
						}
					}
				]
			},
			"pattern_2": {
				"sequence": [
					{
						"remove": {
							"component_groups": [
								"pattern_0",
								"pattern_1",
								"pattern_2",
								"pattern_3",
								"pattern_4",
								"pattern_5",
								"pattern_6",
								"pattern_7",
								"pattern_8",
								"pattern_9",
								"pattern_10",
								"pattern_11",
								"pattern_12",
								"pattern_13",
								"pattern_14",
								"pattern_15",
								"pattern_16"
							]
						}
					},
					{
						"add": {
							"component_groups": [
								"pattern_2"
							]
						}
					}
				]
			},
			"pattern_3": {
				"sequence": [
					{
						"remove": {
							"component_groups": [
								"pattern_0",
								"pattern_1",
								"pattern_2",
								"pattern_3",
								"pattern_4",
								"pattern_5",
								"pattern_6",
								"pattern_7",
								"pattern_8",
								"pattern_9",
								"pattern_10",
								"pattern_11",
								"pattern_12",
								"pattern_13",
								"pattern_14",
								"pattern_15",
								"pattern_16"
							]
						}
					},
					{
						"add": {
							"component_groups": [
								"pattern_3"
							]
						}
					}
				]
			},
			"pattern_4": {
				"sequence": [
					{
						"remove": {
							"component_groups": [
								"pattern_0",
								"pattern_1",
								"pattern_2",
								"pattern_3",
								"pattern_4",
								"pattern_5",
								"pattern_6",
								"pattern_7",
								"pattern_8",
								"pattern_9",
								"pattern_10",
								"pattern_11",
								"pattern_12",
								"pattern_13",
								"pattern_14",
								"pattern_15",
								"pattern_16"
							]
						}
					},
					{
						"add": {
							"component_groups": [
								"pattern_4"
							]
						}
					}
				]
			},
			"pattern_5": {
				"sequence": [
					{
						"remove": {
							"component_groups": [
								"pattern_0",
								"pattern_1",
								"pattern_2",
								"pattern_3",
								"pattern_4",
								"pattern_5",
								"pattern_6",
								"pattern_7",
								"pattern_8",
								"pattern_9",
								"pattern_10",
								"pattern_11",
								"pattern_12",
								"pattern_13",
								"pattern_14",
								"pattern_15",
								"pattern_16"
							]
						}
					},
					{
						"add": {
							"component_groups": [
								"pattern_5"
							]
						}
					}
				]
			},
			"pattern_6": {
				"sequence": [
					{
						"remove": {
							"component_groups": [
								"pattern_0",
								"pattern_1",
								"pattern_2",
								"pattern_3",
								"pattern_4",
								"pattern_5",
								"pattern_6",
								"pattern_7",
								"pattern_8",
								"pattern_9",
								"pattern_10",
								"pattern_11",
								"pattern_12",
								"pattern_13",
								"pattern_14",
								"pattern_15",
								"pattern_16"
							]
						}
					},
					{
						"add": {
							"component_groups": [
								"pattern_6"
							]
						}
					}
				]
			},
			"pattern_7": {
				"sequence": [
					{
						"remove": {
							"component_groups": [
								"pattern_0",
								"pattern_1",
								"pattern_2",
								"pattern_3",
								"pattern_4",
								"pattern_5",
								"pattern_6",
								"pattern_7",
								"pattern_8",
								"pattern_9",
								"pattern_10",
								"pattern_11",
								"pattern_12",
								"pattern_13",
								"pattern_14",
								"pattern_15",
								"pattern_16"
							]
						}
					},
					{
						"add": {
							"component_groups": [
								"pattern_7"
							]
						}
					}
				]
			},
			"pattern_8": {
				"sequence": [
					{
						"remove": {
							"component_groups": [
								"pattern_0",
								"pattern_1",
								"pattern_2",
								"pattern_3",
								"pattern_4",
								"pattern_5",
								"pattern_6",
								"pattern_7",
								"pattern_8",
								"pattern_9",
								"pattern_10",
								"pattern_11",
								"pattern_12",
								"pattern_13",
								"pattern_14",
								"pattern_15",
								"pattern_16"
							]
						}
					},
					{
						"add": {
							"component_groups": [
								"pattern_8"
							]
						}
					}
				]
			},
			"pattern_9": {
				"sequence": [
					{
						"remove": {
							"component_groups": [
								"pattern_0",
								"pattern_1",
								"pattern_2",
								"pattern_3",
								"pattern_4",
								"pattern_5",
								"pattern_6",
								"pattern_7",
								"pattern_8",
								"pattern_9",
								"pattern_10",
								"pattern_11",
								"pattern_12",
								"pattern_13",
								"pattern_14",
								"pattern_15",
								"pattern_16"
							]
						}
					},
					{
						"add": {
							"component_groups": [
								"pattern_9"
							]
						}
					}
				]
			},
			"pattern_10": {
				"sequence": [
					{
						"remove": {
							"component_groups": [
								"pattern_0",
								"pattern_1",
								"pattern_2",
								"pattern_3",
								"pattern_4",
								"pattern_5",
								"pattern_6",
								"pattern_7",
								"pattern_8",
								"pattern_9",
								"pattern_10",
								"pattern_11",
								"pattern_12",
								"pattern_13",
								"pattern_14",
								"pattern_15",
								"pattern_16"
							]
						}
					},
					{
						"add": {
							"component_groups": [
								"pattern_10"
							]
						}
					}
				]
			},
			"pattern_11": {
				"sequence": [
					{
						"remove": {
							"component_groups": [
								"pattern_0",
								"pattern_1",
								"pattern_2",
								"pattern_3",
								"pattern_4",
								"pattern_5",
								"pattern_6",
								"pattern_7",
								"pattern_8",
								"pattern_9",
								"pattern_10",
								"pattern_11",
								"pattern_12",
								"pattern_13",
								"pattern_14",
								"pattern_15",
								"pattern_16"
							]
						}
					},
					{
						"add": {
							"component_groups": [
								"pattern_11"
							]
						}
					}
				]
			},
			"pattern_12": {
				"sequence": [
					{
						"remove": {
							"component_groups": [
								"pattern_0",
								"pattern_1",
								"pattern_2",
								"pattern_3",
								"pattern_4",
								"pattern_5",
								"pattern_6",
								"pattern_7",
								"pattern_8",
								"pattern_9",
								"pattern_10",
								"pattern_11",
								"pattern_12",
								"pattern_13",
								"pattern_14",
								"pattern_15",
								"pattern_16"
							]
						}
					},
					{
						"add": {
							"component_groups": [
								"pattern_12"
							]
						}
					}
				]
			},
			"pattern_13": {
				"sequence": [
					{
						"remove": {
							"component_groups": [
								"pattern_0",
								"pattern_1",
								"pattern_2",
								"pattern_3",
								"pattern_4",
								"pattern_5",
								"pattern_6",
								"pattern_7",
								"pattern_8",
								"pattern_9",
								"pattern_10",
								"pattern_11",
								"pattern_12",
								"pattern_13",
								"pattern_14",
								"pattern_15",
								"pattern_16"
							]
						}
					},
					{
						"add": {
							"component_groups": [
								"pattern_13"
							]
						}
					}
				]
			},
			"pattern_14": {
				"sequence": [
					{
						"remove": {
							"component_groups": [
								"pattern_0",
								"pattern_1",
								"pattern_2",
								"pattern_3",
								"pattern_4",
								"pattern_5",
								"pattern_6",
								"pattern_7",
								"pattern_8",
								"pattern_9",
								"pattern_10",
								"pattern_11",
								"pattern_12",
								"pattern_13",
								"pattern_14",
								"pattern_15",
								"pattern_16"
							]
						}
					},
					{
						"add": {
							"component_groups": [
								"pattern_14"
							]
						}
					}
				]
			},
			"pattern_15": {
				"sequence": [
					{
						"remove": {
							"component_groups": [
								"pattern_0",
								"pattern_1",
								"pattern_2",
								"pattern_3",
								"pattern_4",
								"pattern_5",
								"pattern_6",
								"pattern_7",
								"pattern_8",
								"pattern_9",
								"pattern_10",
								"pattern_11",
								"pattern_12",
								"pattern_13",
								"pattern_14",
								"pattern_15",
								"pattern_16"
							]
						}
					},
					{
						"add": {
							"component_groups": [
								"pattern_15"
							]
						}
					}
				]
			},
			"pattern_16": {
				"sequence": [
					{
						"remove": {
							"component_groups": [
								"pattern_0",
								"pattern_1",
								"pattern_2",
								"pattern_3",
								"pattern_4",
								"pattern_5",
								"pattern_6",
								"pattern_7",
								"pattern_8",
								"pattern_9",
								"pattern_10",
								"pattern_11",
								"pattern_12",
								"pattern_13",
								"pattern_14",
								"pattern_15",
								"pattern_16"
							]
						}
					},
					{
						"add": {
							"component_groups": [
								"pattern_16"
							]
						}
					}
				]
			},
			"sleeping": {
				"add": {
					"component_groups": [
						"sleeping"
					]
				}
			},
			"remove_sleeping": {
				"remove": {
					"component_groups": [
						"sleeping"
					]
				}
			},
			"death": {
				"remove": {
					"component_groups": [
						"attack_breath",
						"attack_projectile",
						"move"
					]
				},
				"add": {
					"component_groups": [
						"not_move",
						"death"
					]
				},
				"set_property": {
					"shapescape_dra:damage": true
				}
			},
			"attack_breath": {
				"add": {
					"component_groups": [
						"attack_breath"
					]
				},
				"remove": {
					"component_groups": [
						"attack_projectile"
					]
				},
				"set_property": {
					"shapescape_dra:attack_type": "attack_breath"
				}
			},
			"attack_projectile": {
				"add": {
					"component_groups": [
						"attack_projectile"
					]
				},
				"remove": {
					"component_groups": [
						"attack_breath"
					]
				},
				"set_property": {
					"shapescape_dra:attack_type": "attack_projectile"
				}
			},
			"minecraft:entity_transformed": {
				"sequence": [
					{
						"add": {
							"component_groups": [
								"attack_breath"
							]
						}
					},
					{
						"add": {
							"component_groups": [
								"is_alife"
							]
						}
					},
					{
						"filters": {
							"test": "float_property",
							"subject": "other",
							"domain": "shapescape_dra:scale_variant",
							"operator": "==",
							"value": 0.95
						},
						"set_property": {
							"shapescape_dra:scale_variant": 0.95
						}
					},
					{
						"filters": {
							"test": "float_property",
							"subject": "other",
							"domain": "shapescape_dra:scale_variant",
							"operator": "==",
							"value": 1.0
						},
						"set_property": {
							"shapescape_dra:scale_variant": 1.0
						}
					},
					{
						"filters": {
							"test": "float_property",
							"subject": "other",
							"domain": "shapescape_dra:scale_variant",
							"operator": "==",
							"value": 1.05
						},
						"set_property": {
							"shapescape_dra:scale_variant": 1.05
						}
					},
					{
						"filters": {
							"test": "float_property",
							"subject": "other",
							"domain": "shapescape_dra:shade_variant",
							"operator": "==",
							"value": 0.8
						},
						"set_property": {
							"shapescape_dra:shade_variant": 0.8
						}
					},
					{
						"filters": {
							"test": "float_property",
							"subject": "other",
							"domain": "shapescape_dra:shade_variant",
							"operator": "==",
							"value": 1.0
						},
						"set_property": {
							"shapescape_dra:shade_variant": 1.0
						}
					},
					{
						"filters": {
							"test": "float_property",
							"subject": "other",
							"domain": "shapescape_dra:shade_variant",
							"operator": "==",
							"value": 1.2
						},
						"set_property": {
							"shapescape_dra:shade_variant": 1.2
						}
					},
					{
						"add": {
							"component_groups": [
								"collision_box"
							]
						}
					},
					{
						"filters": {
							"test": "is_skin_id",
							"subject": "other",
							"value": 0
						},
						"trigger": "select_rarity"
					},
					{
						"filters": {
							"test": "is_skin_id",
							"subject": "other",
							"value": 1
						},
						"add": {
							"component_groups": [
								"normal"
							]
						}
					},
					{
						"filters": {
							"test": "is_skin_id",
							"subject": "other",
							"value": 2
						},
						"add": {
							"component_groups": [
								"shiny"
							]
						}
					},
					{
						"filters": {
							"test": "has_component",
							"operator": "==",
							"subject": "other",
							"value": "minecraft:is_saddled"
						},
						"add": {
							"component_groups": [
								"is_saddled"
							]
						}
					},
					{
						"filters": {
							"test": "is_mark_variant",
							"operator": "==",
							"subject": "other",
							"value": 0
						},
						"add": {
							"component_groups": [
								"pattern_0"
							]
						}
					},
					{
						"filters": {
							"test": "is_mark_variant",
							"operator": "==",
							"subject": "other",
							"value": 1
						},
						"add": {
							"component_groups": [
								"pattern_1"
							]
						}
					},
					{
						"filters": {
							"test": "is_mark_variant",
							"operator": "==",
							"subject": "other",
							"value": 2
						},
						"add": {
							"component_groups": [
								"pattern_2"
							]
						}
					},
					{
						"filters": {
							"test": "is_mark_variant",
							"operator": "==",
							"subject": "other",
							"value": 3
						},
						"add": {
							"component_groups": [
								"pattern_3"
							]
						}
					},
					{
						"filters": {
							"test": "is_mark_variant",
							"operator": "==",
							"subject": "other",
							"value": 4
						},
						"add": {
							"component_groups": [
								"pattern_4"
							]
						}
					},
					{
						"filters": {
							"test": "is_mark_variant",
							"operator": "==",
							"subject": "other",
							"value": 5
						},
						"add": {
							"component_groups": [
								"pattern_5"
							]
						}
					},
					{
						"filters": {
							"test": "is_mark_variant",
							"operator": "==",
							"subject": "other",
							"value": 6
						},
						"add": {
							"component_groups": [
								"pattern_6"
							]
						}
					},
					{
						"filters": {
							"test": "is_mark_variant",
							"operator": "==",
							"subject": "other",
							"value": 7
						},
						"add": {
							"component_groups": [
								"pattern_7"
							]
						}
					},
					{
						"filters": {
							"test": "is_mark_variant",
							"operator": "==",
							"subject": "other",
							"value": 8
						},
						"add": {
							"component_groups": [
								"pattern_8"
							]
						}
					},
					{
						"filters": {
							"test": "is_mark_variant",
							"operator": "==",
							"subject": "other",
							"value": 9
						},
						"add": {
							"component_groups": [
								"pattern_9"
							]
						}
					},
					{
						"filters": {
							"test": "is_mark_variant",
							"operator": "==",
							"subject": "other",
							"value": 10
						},
						"add": {
							"component_groups": [
								"pattern_10"
							]
						}
					},
					{
						"filters": {
							"test": "is_mark_variant",
							"operator": "==",
							"subject": "other",
							"value": 11
						},
						"add": {
							"component_groups": [
								"pattern_11"
							]
						}
					},
					{
						"filters": {
							"test": "is_mark_variant",
							"operator": "==",
							"subject": "other",
							"value": 12
						},
						"add": {
							"component_groups": [
								"pattern_12"
							]
						}
					},
					{
						"filters": {
							"test": "is_mark_variant",
							"operator": "==",
							"subject": "other",
							"value": 13
						},
						"add": {
							"component_groups": [
								"pattern_13"
							]
						}
					},
					{
						"filters": {
							"test": "is_mark_variant",
							"operator": "==",
							"subject": "other",
							"value": 14
						},
						"add": {
							"component_groups": [
								"pattern_14"
							]
						}
					},
					{
						"filters": {
							"test": "is_mark_variant",
							"operator": "==",
							"subject": "other",
							"value": 15
						},
						"add": {
							"component_groups": [
								"pattern_15"
							]
						}
					},
					{
						"filters": {
							"test": "is_mark_variant",
							"operator": "==",
							"subject": "other",
							"value": 16
						},
						"add": {
							"component_groups": [
								"pattern_16"
							]
						}
					},
					{
						"trigger": "minecraft:entity_spawned"
					}
				]
			},
			"minecraft:entity_spawned": {
				"add": {
					"component_groups": [
						"is_alife",
						"move",
						"collision_box"
					]
				},
				"set_property": {
					"shapescape_dra:tamed_attack_type": "no_attack",
					"shapescape_dra:damage": true
				}
			},
			"remove_is_alife": {
				"remove": {
					"component_groups": [
						"is_alife"
					]
				}
			},
			"add_is_alife": {
				"add": {
					"component_groups": [
						"is_alife"
					]
				}
			},
			"hover": {
				"remove": {
					"component_groups": [
						"reset_hover"
					]
				},
				"add": {
					"component_groups": [
						"hover"
					]
				}
			},
			"reset_hover": {
				"remove": {
					"component_groups": [
						"hover"
					]
				},
				"add": {
					"component_groups": [
						"reset_hover"
					]
				}
			},
			"dragon_saddled": {
				"add": {
					"component_groups": [
						"is_saddled"
					]
				}
			},
			"dragon_unsaddled": {
				"remove": {
					"component_groups": [
						"is_saddled"
					]
				}
			},
			"tamed_attack_remove": {
				"set_property": {
					"shapescape_dra:tamed_attack_type": "no_attack"
				}
			},
			"tamed_attack_breath": {
				"set_property": {
					"shapescape_dra:tamed_attack_type": "tamed_attack_breath"
				}
			},
			"tamed_attack_special": {
				"set_property": {
					"shapescape_dra:tamed_attack_type": "tamed_attack_special"
				}
			},
			"scale_variant": {
				"sequence": [
					{
						"randomize": [
							{
								"weight": 1,
								"set_property": {
									"shapescape_dra:scale_variant": 0.95
								}
							},
							{
								"weight": 1,
								"set_property": {
									"shapescape_dra:scale_variant": 1
								}
							},
							{
								"weight": 1,
								"set_property": {
									"shapescape_dra:scale_variant": 1.05
								}
							}
						]
					}
				]
			},
			"shade_variant": {
				"sequence": [
					{
						"randomize": [
							{
								"weight": 1,
								"set_property": {
									"shapescape_dra:shade_variant": 0.8
								}
							},
							{
								"weight": 1,
								"set_property": {
									"shapescape_dra:shade_variant": 1
								}
							},
							{
								"weight": 1,
								"set_property": {
									"shapescape_dra:shade_variant": 1.2
								}
							}
						]
					}
				]
			},
			"despawn": {
				"add": {
					"component_groups": [
						"despawn"
					]
				}
			},
			"damage_true": {
				"set_property": {
					"shapescape_dra:damage": true
				}
			},
			"damage_false": {
				"set_property": {
					"shapescape_dra:damage": false
				}
			},
			"move": {
				"add": {
					"component_groups": [
						"move"
					]
				},
				"remove": {
					"component_groups": [
						"not_move"
					]
				}
			},
			"not_move": {
				"add": {
					"component_groups": [
						"not_move"
					]
				},
				"remove": {
					"component_groups": [
						"move"
					]
				}
			},
			"collision_box": {
				"add": {
					"component_groups": [
						"collision_box"
					]
				},
				"remove": {
					"component_groups": [
						"no_collision_box"
					]
				}
			},
			"no_collision_box": {
				"add": {
					"component_groups": [
						"no_collision_box"
					]
				},
				"remove": {
					"component_groups": [
						"collision_box"
					]
				}
			},
			"transform": {
				"add": {
					"component_groups": [
						"not_move",
						"transform"
					]
				},
				"remove": {
					"component_groups": [
						"move"
					]
				},
				"set_property": {
					"shapescape_dra:damage": false
				}
			},
			"normal": {
				"remove": {
					"component_groups": [
						"shiny"
					]
				},
				"add": {
					"component_groups": [
						"normal"
					]
				},
				"set_property": {
					"shapescape_dra:shiny": false
				}
			},
			"shiny": {
				"remove": {
					"component_groups": [
						"normal"
					]
				},
				"add": {
					"component_groups": [
						"shiny"
					]
				},
				"set_property": {
					"shapescape_dra:shiny": true
				}
			},
			"select_rarity": {
				"randomize": [
					{
						"weight": 95,
						"add": {
							"component_groups": [
								"normal"
							]
						},
						"set_property": {
							"shapescape_dra:shiny": false
						}
					},
					{
						"weight": 5,
						"add": {
							"component_groups": [
								"shiny"
							]
						},
						"set_property": {
							"shapescape_dra:shiny": true
						}
					}
				]
			},
			"ui_dummy_event": {}
		}
	}
}