{
	"format_version": "1.20.80",
	"minecraft:entity": {
		"description": {
			"identifier": "shapescape_dra:twin_dragon_creature",
			"is_spawnable": true,
			"is_summonable": true,
			"is_experimental": false,
			"location": [],
			"properties": {
				"shapescape_dra:twin_dragon_creature_state": {
					"client_sync": true,
					"default": "idle",
					"type": "enum",
					"values": [
						"idle",
						"hover"
					]
				}
			}
		},
		"component_groups": {
			"shapescape_dra:despawn": {
				"minecraft:instant_despawn": {}
			},
			"shapescape_dra:attack": {
				"minecraft:attack": {
					"damage": 5
				},
				"minecraft:behavior.delayed_attack": {
					"attack_duration": 1.08,
					"hit_delay_pct": 0.4,
					"cooldown_time": 1.5,
					"reach_multiplier": 2.5,
					"speed_multiplier": 1.25
				},
				"minecraft:follow_range": {
					"value": 16,
					"max": 16
				},
				"minecraft:behavior.nearest_attackable_target": {
					"priority": 1,
					"within_radius": 16,
					"entity_types": [
						{
							"filters": {
								"any_of": [
									{
										"test": "is_family",
										"subject": "other",
										"operator": "!=",
										"value": "shapescape_dra_twin_dragon_creature"
									}
								]
							},
							"max_dist": 16
						}
					]
				}
			}
		},
		"components": {
			"minecraft:type_family": {
				"family": [
					"shapescape_dra_mob",
					"shapescape_dra_creature",
					"shapescape_dra_dragon",
					"mob",
					"shapescape_dra_twin_dragon_creature"
				]
			},
			"minecraft:experience_reward": {
				"on_death": "query.last_hit_by_player ? 8 + Math.Random(1,3) : 0"
			},
			"minecraft:loot": {
				"table": "loot_tables/shapescape/dra/twin_dragon_creature.loot.json"
			},
			"minecraft:collision_box": {
				"width": 1.1,
				"height": 1.5
			},
			"minecraft:breathable": {
				"total_supply": 15,
				"suffocate_time": 0
			},
			"minecraft:health": {
				"value": 20,
				"max": 20
			},
			"minecraft:navigation.walk": {
				"can_path_over_water": true,
				"avoid_water": true,
				"avoid_damage_blocks": true
			},
			"minecraft:behavior.random_stroll": {
				"priority": 7,
				"speed_multiplier": 1.0
			},
			"minecraft:movement.basic": {},
			"minecraft:jump.static": {},
			"minecraft:movement": {
				"value": 0.19,
				"max": 0.19
			},
			"minecraft:behavior.float": {
				"priority": 2
			},
			"minecraft:behavior.look_at_player": {
				"priority": 7,
				"look_distance": 6.0,
				"probability": 0.02
			},
			"minecraft:behavior.random_look_around": {
				"priority": 9
			},
			"minecraft:hurt_on_condition": {
				"damage_conditions": [
					{
						"filters": {
							"test": "in_lava",
							"subject": "self",
							"operator": "==",
							"value": true
						},
						"cause": "lava",
						"damage_per_tick": 4
					}
				]
			},
			"minecraft:leashable": {
				"soft_distance": 4.0,
				"hard_distance": 6.0,
				"max_distance": 10.0,
				"on_leash": {
					"event": "shapescape_dra:remove_attack",
					"target": "self"
				},
				"on_unleash": {
					"event": "shapescape_dra:attack",
					"target": "self"
				}
			},
			"minecraft:physics": {},
			"minecraft:pushable": {
				"is_pushable": true,
				"is_pushable_by_piston": true
			},
			"minecraft:nameable": {},
			"minecraft:is_hidden_when_invisible": {},
			"minecraft:despawn": {
				"despawn_from_distance": {}
			},
			"minecraft:conditional_bandwidth_optimization": {}
		},
		"events": {
			"minecraft:entity_spawned": {
				"add": {
					"component_groups": [
						"shapescape_dra:attack"
					]
				}
			},
			"shapescape_dra:remove_attack": {
				"remove": {
					"component_groups": [
						"shapescape_dra:attack"
					]
				}
			},
			"shapescape_dra:attack": {
				"add": {
					"component_groups": [
						"shapescape_dra:attack"
					]
				}
			},
			"shapescape_dra:despawn": {
				"add": {
					"component_groups": [
						"shapescape_dra:despawn"
					]
				}
			}
		}
	}
}