{
	"format_version": "1.20.80",
	"minecraft:entity": {
		"description": {
			"identifier": "shapescape_dra:woolly_creature",
			"is_spawnable": true,
			"is_summonable": true,
			"is_experimental": false,
			"location": []
		},
		"component_groups": {
			"shapescape_dra:sheared": {
				"minecraft:is_sheared": {},
				"minecraft:loot": {
					"table": "loot_tables/shapescape/dra/woolly_creature_sheared.loot.json"
				}
			},
			"shapescape_dra:woolly": {
				"minecraft:loot": {
					"table": "loot_tables/shapescape/dra/woolly_creature.loot.json"
				}
			},
			"shapescape_dra:despawn": {
				"minecraft:instant_despawn": {}
			}
		},
		"components": {
			"minecraft:type_family": {
				"family": [
					"shapescape_dra_mob",
					"shapescape_dra_creature",
					"mob",
					"woolly_creature"
				]
			},
			"minecraft:movement": {
				"value": 0.15,
				"max": 0.15
			},
			"minecraft:experience_reward": {
				"on_death": "query.last_hit_by_player ? 12 + (query.equipment_count * Math.Random(2,4)) : 0"
			},
			"minecraft:breathable": {
				"total_supply": 15,
				"suffocate_time": 0
			},
			"minecraft:health": {
				"value": 25,
				"max": 25
			},
			"minecraft:navigation.walk": {
				"can_path_over_water": true,
				"avoid_water": true,
				"avoid_damage_blocks": true
			},
			"minecraft:movement.basic": {},
			"minecraft:jump.static": {},
			"minecraft:can_climb": {},
			"minecraft:collision_box": {
				"width": 1.25,
				"height": 1.65
			},
			"minecraft:behavior.hurt_by_target": {
				"priority": 1,
				"hurt_owner": true
			},
			"minecraft:attack": {
				"damage": 3
			},
			"minecraft:behavior.delayed_attack": {
				"attack_duration": 1,
				"hit_delay_pct": 0.5,
				"attack_once": false,
				"reach_multiplier": 1.5,
				"speed_multiplier": 1.25
			},
			"minecraft:behavior.float": {
				"priority": 2
			},
			"minecraft:interact": {
				"interactions": [
					{
						"cooldown": 2.5,
						"use_item": false,
						"hurt_item": 1,
						"spawn_items": {
							"table": "loot_tables/shapescape/dra/woolly_creature_shear.loot.json"
						},
						"play_sounds": "shear",
						"interact_text": "action.interact.shear",
						"vibration": "shear",
						"on_interact": {
							"filters": {
								"all_of": [
									{
										"test": "has_equipment",
										"subject": "other",
										"domain": "hand",
										"value": "shears"
									},
									{
										"test": "is_family",
										"subject": "other",
										"value": "player"
									},
									{
										"test": "has_component",
										"operator": "!=",
										"value": "minecraft:is_sheared"
									}
								]
							},
							"event": "shapescape_dra:sheared",
							"target": "self"
						}
					}
				]
			},
			"minecraft:behavior.eat_block": {
				"priority": 6,
				"success_chance": "query.is_baby ? 0.02 : 0.001",
				"time_until_eat": 1.8,
				"eat_and_replace_block_pairs": [
					{
						"eat_block": "grass",
						"replace_block": "dirt"
					},
					{
						"eat_block": "tallgrass",
						"replace_block": "air"
					}
				],
				"on_eat": {
					"event": "shapescape_dra:woolly",
					"target": "self"
				}
			},
			"minecraft:behavior.random_stroll": {
				"priority": 7,
				"speed_multiplier": 0.9
			},
			"minecraft:behavior.look_at_player": {
				"priority": 8,
				"look_distance": 6.0,
				"probability": 0.02
			},
			"minecraft:behavior.random_look_around": {
				"priority": 9
			},
			"minecraft:hurt_on_condition": {
				"damage_conditions": [
					{
						"filters": {
							"test": "in_lava",
							"subject": "self",
							"operator": "==",
							"value": true
						},
						"cause": "lava",
						"damage_per_tick": 4
					}
				]
			},
			"minecraft:balloonable": {
				"mass": 0.9
			},
			"minecraft:physics": {},
			"minecraft:pushable": {
				"is_pushable": true,
				"is_pushable_by_piston": true
			},
			"minecraft:nameable": {},
			"minecraft:is_hidden_when_invisible": {},
			"minecraft:despawn": {
				"despawn_from_distance": {}
			},
			"minecraft:conditional_bandwidth_optimization": {},
			"minecraft:leashable": {
				"can_be_stolen": false,
				"hard_distance": 6,
				"max_distance": 10,
				"soft_distance": 4
			}
		},
		"events": {
			"minecraft:entity_spawned": {
				"add": {
					"component_groups": [
						"shapescape_dra:woolly"
					]
				}
			},
			"shapescape_dra:despawn": {
				"add": {
					"component_groups": [
						"shapescape_dra:despawn"
					]
				}
			},
			"shapescape_dra:sheared": {
				"remove": {
					"component_groups": [
						"shapescape_dra:woolly"
					]
				},
				"add": {
					"component_groups": [
						"shapescape_dra:sheared"
					]
				}
			},
			"shapescape_dra:woolly": {
				"remove": {
					"component_groups": [
						"shapescape_dra:sheared"
					]
				},
				"add": {
					"component_groups": [
						"shapescape_dra:woolly"
					]
				}
			}
		}
	}
}