{
	"format_version": "1.20.10",
	"minecraft:recipe_shaped": {
		"tags": ["crafting_table"],
		"description": {
			"identifier": "shapescape_dra:net_crossbow"
		},
		"pattern": [" HD", " BH", "A  "],
		"key": {
			"B": {
				"item": "minecraft:crossbow"
			},
			"D": {
				"item": "shapescape_dra:dragon_hunter_net_item"
			},
			"H": {
				"item": "minecraft:iron_ingot"
			},
			"A": {
				"item": "minecraft:stick"
			}
		},
		"unlock": [
			{
				"item": "minecraft:crossbow"
			},
			{
				"item": "shapescape_dra:dragon_hunter_net_item"
			},
			{
				"item": "minecraft:iron_ingot"
			},
			{
				"item": "minecraft:stick"
			}
		],
		"result": {
			"item": "shapescape_dra:net_crossbow",
			"count": 1
		}
	}
}
